,player_id,alt_player_id,player_name,school,Total Total Tackles,Mean Total Tackles,Highest Total Tackles,Lowest Total Tackles,Total Solo Tackles,Mean Solo Tackles,Highest Solo Tackles,Lowest Solo Tackles,Total Assist Tackles,Mean Assist Tackles,Highest Assist Tackles,Lowest Assist Tackles,Total Passes Defended,Mean Passes Defended,Highest Passes Defended,Lowest Passes Defended,Total Sacks,Mean Sacks,Highest Sacks,Lowest Sacks,Total Forced Fumbles,Mean Forced Fumbles,Highest Forced Fumbles,Lowest Forced Fumbles,Total Interceptions,Mean Interceptions,Highest Interceptions,Lowest Interceptions,Total Interception Yards,Mean Interception Yards,Highest Interception Yards,Lowest Interception Yards,Total Interception Touchdowns,Mean Interception Touchdowns,Highest Interception Touchdowns,Lowest Interception Touchdowns
461,46880,3125961,Quinten Rollins,Miami (OH),73.0,73.0,73.0,73.0,54.0,54.0,54.0,54.0,19.0,19.0,19.0,19.0,0.0,0.0,0.0,0.0,0.0,0.0,0.0,0.0,1.0,1.0,1.0,1.0,7.0,7.0,7.0,7.0,35.0,35.0,35.0,35.0,1.0,1.0,1.0,1.0
1249,52107,3121421,Marshon Lattimore,Ohio State,45.0,22.5,41.0,4.0,34.0,17.0,30.0,4.0,11.0,5.5,11.0,0.0,9.0,4.5,9.0,0.0,0.0,0.0,0.0,0.0,0.0,0.0,0.0,0.0,4.0,2.0,4.0,0.0,61.0,30.5,61.0,0.0,1.0,0.5,1.0,0.0
1356,52108,3121415,Malik Hooker,Ohio State,84.0,42.0,74.0,10.0,49.0,24.5,43.0,6.0,35.0,17.5,31.0,4.0,4.0,2.0,4.0,0.0,0.5,0.25,0.5,0.0,0.0,0.0,0.0,0.0,7.0,3.5,7.0,0.0,181.0,90.5,181.0,0.0,3.0,1.5,3.0,0.0
1383,51719,3126356,Marlon Humphrey,Alabama,81.0,40.5,45.0,36.0,61.0,30.5,35.0,26.0,20.0,10.0,10.0,10.0,5.0,2.5,5.0,0.0,0.0,0.0,0.0,0.0,3.0,1.5,2.0,1.0,5.0,2.5,3.0,2.0,46.0,23.0,28.0,18.0,1.0,0.5,1.0,0.0
1410,51594,3120347,Adoree' Jackson,USC,140.0,46.666666666666664,55.0,35.0,115.0,38.333333333333336,46.0,23.0,25.0,8.333333333333334,12.0,4.0,11.0,3.6666666666666665,11.0,0.0,0.0,0.0,0.0,0.0,2.0,0.6666666666666666,1.0,0.0,6.0,2.0,5.0,0.0,67.0,22.333333333333332,46.0,0.0,1.0,0.3333333333333333,1.0,0.0
1521,51604,3115962,Jabrill Peppers,Michigan,125.0,41.666666666666664,72.0,8.0,87.0,29.0,47.0,6.0,38.0,12.666666666666666,25.0,2.0,1.0,0.3333333333333333,1.0,0.0,4.0,1.3333333333333333,4.0,0.0,1.0,0.3333333333333333,1.0,0.0,1.0,0.25,1.0,0.0,11.0,3.6666666666666665,11.0,0.0,0.0,0.0,0.0,0.0
1741,52098,3127287,Budda Baker,Washington,199.0,66.33333333333333,80.0,49.0,137.0,45.666666666666664,57.0,32.0,62.0,20.666666666666668,23.0,17.0,5.0,1.6666666666666667,5.0,0.0,4.0,1.3333333333333333,3.0,0.0,3.0,1.0,2.0,0.0,5.0,1.6666666666666667,2.0,1.0,62.0,20.666666666666668,44.0,0.0,0.0,0.0,0.0,0.0
1977,52113,3122882,Marcus Williams,Utah,188.0,62.666666666666664,65.0,59.0,125.0,41.666666666666664,46.0,36.0,63.0,21.0,29.0,16.0,3.0,1.0,3.0,0.0,0.0,0.0,0.0,0.0,4.0,1.3333333333333333,2.0,0.0,11.0,3.6666666666666665,5.0,1.0,114.0,38.0,88.0,6.0,0.0,0.0,0.0,0.0
2004,51720,3127299,Sidney Jones,Washington,146.0,48.666666666666664,61.0,39.0,105.0,35.0,47.0,27.0,41.0,13.666666666666666,15.0,12.0,6.0,2.0,6.0,0.0,0.0,0.0,0.0,0.0,7.0,2.3333333333333335,4.0,1.0,9.0,3.0,4.0,2.0,147.0,49.0,125.0,0.0,1.0,0.3333333333333333,1.0,0.0
2092,52097,3121660,Quincy Wilson,Florida,82.0,27.333333333333332,33.0,22.0,49.0,16.333333333333332,18.0,15.0,33.0,11.0,15.0,6.0,6.0,2.0,6.0,0.0,1.0,0.3333333333333333,1.0,0.0,1.0,0.3333333333333333,1.0,0.0,6.0,2.0,3.0,1.0,93.0,31.0,80.0,0.0,1.0,0.3333333333333333,1.0,0.0
2203,51605,3895859,Justin Evans,Texas A&M,165.0,82.5,87.0,78.0,99.0,49.5,52.0,47.0,66.0,33.0,35.0,31.0,8.0,4.0,8.0,0.0,0.0,0.0,0.0,0.0,0.0,0.0,0.0,0.0,5.0,2.5,4.0,1.0,0.0,0.0,0.0,0.0,0.0,0.0,0.0,0.0
2447,51977,3122630,Ahkello Witherspoon,Colorado,71.0,23.666666666666668,36.0,12.0,60.0,20.0,34.0,7.0,11.0,3.6666666666666665,5.0,2.0,19.0,6.333333333333333,19.0,0.0,0.0,0.0,0.0,0.0,1.0,0.3333333333333333,1.0,0.0,3.0,1.0,2.0,0.0,0.0,0.0,0.0,0.0,0.0,0.0,0.0,0.0
2619,51817,3943270,Rasul Douglas,West Virginia,78.0,39.0,70.0,8.0,55.0,27.5,49.0,6.0,23.0,11.5,21.0,2.0,8.0,4.0,8.0,0.0,1.0,0.5,1.0,0.0,2.0,1.0,1.0,1.0,9.0,4.5,8.0,1.0,101.0,50.5,101.0,0.0,1.0,0.5,1.0,0.0
2816,51740,3134683,Montae Nicholson,Michigan State,199.0,66.33333333333333,85.0,31.0,108.0,36.0,52.0,18.0,91.0,30.333333333333332,47.0,13.0,0.0,0.0,0.0,0.0,0.0,0.0,0.0,0.0,1.0,0.3333333333333333,1.0,0.0,4.0,1.3333333333333333,3.0,0.0,70.0,23.333333333333332,60.0,0.0,0.0,0.0,0.0,0.0
2852,51724,3126176,Howard Wilson,Houston,107.0,35.666666666666664,54.0,5.0,77.0,25.666666666666668,45.0,5.0,30.0,10.0,21.0,0.0,10.0,3.3333333333333335,10.0,0.0,0.0,0.0,0.0,0.0,0.0,0.0,0.0,0.0,9.0,3.0,5.0,1.0,63.0,21.0,58.0,0.0,1.0,0.3333333333333333,1.0,0.0
3140,51982,2985844,Treston Decoud,Oregon State,108.0,54.0,58.0,50.0,77.0,38.5,46.0,31.0,31.0,15.5,19.0,12.0,0.0,0.0,0.0,0.0,1.0,0.5,1.0,0.0,0.0,0.0,0.0,0.0,2.0,1.0,2.0,0.0,88.0,44.0,88.0,0.0,1.0,0.5,1.0,0.0
3368,51967,3894908,Shalom Luani,Washington State,157.0,78.5,90.0,67.0,114.0,57.0,67.0,47.0,43.0,21.5,23.0,20.0,6.0,3.0,6.0,0.0,2.0,1.0,2.0,0.0,3.0,1.5,2.0,1.0,8.0,4.0,4.0,4.0,200.0,100.0,109.0,91.0,1.0,0.5,1.0,0.0
4328,101662,3915535,Denzel Ward,Ohio State,67.0,22.333333333333332,37.0,7.0,47.0,15.666666666666666,30.0,5.0,20.0,6.666666666666667,11.0,2.0,24.0,8.0,15.0,0.0,0.0,0.0,0.0,0.0,0.0,0.0,0.0,0.0,1.0,0.3333333333333333,1.0,0.0,0.0,0.0,0.0,0.0,0.0,0.0,0.0,0.0
4658,101660,3925345,Minkah Fitzpatrick,Alabama,171.0,57.0,66.0,45.0,110.0,36.666666666666664,42.0,30.0,61.0,20.333333333333332,24.0,15.0,15.0,5.0,8.0,0.0,5.0,1.6666666666666667,2.0,1.5,2.0,0.6666666666666666,1.0,0.0,9.0,3.0,6.0,1.0,274.0,91.33333333333333,186.0,0.0,4.0,1.3333333333333333,2.0,0.0
4893,101661,3691739,Derwin James,Florida State,186.0,62.0,91.0,11.0,110.0,36.666666666666664,52.0,9.0,76.0,25.333333333333332,39.0,2.0,11.0,3.6666666666666665,11.0,0.0,5.5,1.8333333333333333,4.5,0.0,1.0,0.3333333333333333,1.0,0.0,3.0,1.0,2.0,0.0,41.0,13.666666666666666,41.0,0.0,1.0,0.3333333333333333,1.0,0.0
4947,101675,3895429,Jaire Alexander,Louisville,77.0,25.666666666666668,39.0,19.0,59.0,19.666666666666668,31.0,13.0,18.0,6.0,8.0,4.0,13.0,4.333333333333333,9.0,0.0,0.0,0.0,0.0,0.0,1.0,0.3333333333333333,1.0,0.0,7.0,2.3333333333333335,5.0,1.0,42.0,14.0,37.0,0.0,0.0,0.0,0.0,0.0
5536,101847,3124067,Terrell Edmunds,Virginia Tech,183.0,61.0,89.0,34.0,91.0,30.333333333333332,45.0,16.0,92.0,30.666666666666668,44.0,18.0,7.0,2.3333333333333335,4.0,0.0,1.5,0.5,1.5,0.0,0.0,0.0,0.0,0.0,6.0,2.0,4.0,0.0,98.0,32.666666666666664,70.0,0.0,0.0,0.0,0.0,0.0
6446,101663,3144984,Josh Jackson,Iowa,66.0,22.0,48.0,8.0,52.0,17.333333333333332,34.0,8.0,14.0,4.666666666666667,14.0,0.0,22.0,7.333333333333333,18.0,0.0,0.0,0.0,0.0,0.0,1.0,0.3333333333333333,1.0,0.0,8.0,2.6666666666666665,8.0,0.0,168.0,56.0,168.0,0.0,2.0,0.6666666666666666,2.0,0.0
6711,101665,3116679,M.J. Stewart,North Carolina,199.0,49.75,66.0,26.0,129.0,32.25,48.0,14.0,70.0,17.5,28.0,12.0,23.0,5.75,12.0,0.0,3.0,0.75,2.0,0.0,3.0,0.75,2.0,0.0,6.0,1.5,4.0,0.0,21.0,5.25,21.0,0.0,0.0,0.0,0.0,0.0
6756,101836,3919512,Jessie Bates III,Wake Forest,179.0,89.5,100.0,79.0,120.0,60.0,70.0,50.0,59.0,29.5,30.0,29.0,10.0,5.0,6.0,4.0,0.0,0.0,0.0,0.0,1.0,0.5,1.0,0.0,6.0,3.0,5.0,1.0,195.0,97.5,158.0,37.0,2.0,1.0,2.0,0.0
6810,101838,3843769,Donte Jackson,LSU,112.0,37.333333333333336,48.0,25.0,84.0,28.0,32.0,20.0,28.0,9.333333333333334,16.0,5.0,17.0,5.666666666666667,9.0,0.0,1.0,0.3333333333333333,1.0,0.0,1.0,0.3333333333333333,1.0,0.0,4.0,1.3333333333333333,2.0,1.0,40.0,13.333333333333334,40.0,0.0,0.0,0.0,0.0,0.0
6860,101751,3915437,Isaiah Oliver,Colorado,82.0,27.333333333333332,34.0,22.0,62.0,20.666666666666668,23.0,19.0,20.0,6.666666666666667,11.0,3.0,19.0,6.333333333333333,12.0,0.0,0.0,0.0,0.0,0.0,1.0,0.3333333333333333,1.0,0.0,3.0,1.0,2.0,0.0,41.0,13.666666666666666,41.0,0.0,0.0,0.0,0.0,0.0
7175,101841,3916923,Carlton Davis,Auburn,138.0,46.0,56.0,36.0,102.0,34.0,38.0,27.0,36.0,12.0,18.0,9.0,21.0,7.0,11.0,0.0,0.5,0.16666666666666666,0.5,0.0,2.0,0.6666666666666666,1.0,0.0,4.0,1.3333333333333333,3.0,0.0,0.0,0.0,0.0,0.0,0.0,0.0,0.0,0.0
7283,101835,3931399,Justin Reid,Stanford,170.0,56.666666666666664,94.0,21.0,104.0,34.666666666666664,54.0,14.0,66.0,22.0,40.0,7.0,13.0,4.333333333333333,7.0,0.0,1.0,0.3333333333333333,1.0,0.0,0.0,0.0,0.0,0.0,6.0,2.0,5.0,0.0,2.0,0.6666666666666666,1.0,0.0,0.0,0.0,0.0,0.0
8079,101664,3859006,Ronnie Harrison,Alabama,174.0,58.0,83.0,17.0,110.0,36.666666666666664,56.0,11.0,64.0,21.333333333333332,31.0,6.0,11.0,3.6666666666666665,7.0,0.0,3.5,1.1666666666666667,2.5,0.0,1.0,0.3333333333333333,1.0,0.0,7.0,2.3333333333333335,3.0,2.0,112.0,37.333333333333336,64.0,7.0,1.0,0.3333333333333333,1.0,0.0
8124,101916,4039278,Tarvarius Moore,Southern Mississippi,104.0,52.0,87.0,17.0,70.0,35.0,59.0,11.0,34.0,17.0,28.0,6.0,12.0,6.0,10.0,2.0,0.0,0.0,0.0,0.0,1.0,0.5,1.0,0.0,5.0,2.5,3.0,2.0,54.0,27.0,54.0,0.0,0.0,0.0,0.0,0.0
8243,101749,3122797,Isaac Yiadom,Boston College,109.0,27.25,53.0,12.0,75.0,18.75,36.0,7.0,34.0,8.5,17.0,3.0,17.0,4.25,10.0,0.0,0.0,0.0,0.0,0.0,1.0,0.25,1.0,0.0,3.0,0.75,2.0,0.0,30.0,7.5,30.0,0.0,0.0,0.0,0.0,0.0
8642,101851,3116152,Troy Apke,Penn State,109.0,27.25,54.0,1.0,63.0,15.75,37.0,1.0,46.0,11.5,17.0,0.0,5.0,1.25,5.0,0.0,0.0,0.0,0.0,0.0,1.0,0.25,1.0,0.0,2.0,0.5,1.0,0.0,11.0,2.75,10.0,0.0,0.0,0.0,0.0,0.0
8933,101681,3895798,Jordan Whitehead,Pittsburgh,233.0,77.66666666666667,108.0,60.0,161.0,53.666666666666664,74.0,41.0,72.0,24.0,34.0,19.0,6.0,2.0,4.0,0.0,0.5,0.16666666666666666,0.5,0.0,2.0,0.6666666666666666,1.0,0.0,3.0,1.0,1.0,1.0,59.0,19.666666666666668,59.0,0.0,1.0,0.3333333333333333,1.0,0.0
9021,101678,4039254,Kyzir White,West Virginia,152.0,76.0,94.0,58.0,114.0,57.0,66.0,48.0,38.0,19.0,28.0,10.0,9.0,4.5,5.0,4.0,4.0,2.0,3.0,1.0,4.0,2.0,2.0,2.0,3.0,1.5,3.0,0.0,2.0,1.0,2.0,0.0,0.0,0.0,0.0,0.0
9103,101714,3121003,Taron Johnson,Weber State,9.0,2.25,7.0,0.0,6.0,1.5,6.0,0.0,3.0,0.75,2.0,0.0,3.0,0.75,2.0,0.0,1.0,0.25,1.0,0.0,0.0,0.0,0.0,0.0,6.0,1.5,3.0,0.0,59.0,14.75,59.0,0.0,0.0,0.0,0.0,0.0
9193,101671,3122136,Armani Watts,Texas A&M,327.0,81.75,126.0,56.0,215.0,53.75,83.0,36.0,112.0,28.0,43.0,20.0,8.0,2.0,5.0,0.0,1.5,0.375,1.0,0.0,6.0,1.5,3.0,0.0,10.0,2.5,4.0,1.0,61.0,15.25,36.0,0.0,0.0,0.0,0.0,0.0
9229,101865,3123938,Avonte Maddox,Pittsburgh,183.0,45.75,75.0,27.0,137.0,34.25,52.0,20.0,46.0,11.5,23.0,6.0,19.0,4.75,11.0,0.0,7.0,1.75,4.0,0.0,3.0,0.75,3.0,0.0,8.0,2.0,3.0,0.0,66.0,16.5,33.0,0.0,2.0,0.5,1.0,0.0
9914,101756,3139387,D.J. Reed,Kansas State,122.0,61.0,75.0,47.0,103.0,51.5,62.0,41.0,19.0,9.5,13.0,6.0,25.0,12.5,16.0,9.0,0.0,0.0,0.0,0.0,2.0,1.0,2.0,0.0,7.0,3.5,4.0,3.0,67.0,33.5,35.0,32.0,1.0,0.5,1.0,0.0
10067,101683,3116149,Marcus Allen,Penn State,320.0,80.0,110.0,58.0,181.0,45.25,57.0,35.0,139.0,34.75,53.0,23.0,5.0,1.25,3.0,0.0,3.0,0.75,1.0,0.0,4.0,1.0,2.0,0.0,1.0,0.25,1.0,0.0,50.0,12.5,50.0,0.0,0.0,0.0,0.0,0.0
10192,101871,3931422,Dane Cruikshank,Arizona,135.0,67.5,75.0,60.0,108.0,54.0,55.0,53.0,27.0,13.5,20.0,7.0,5.0,2.5,5.0,0.0,1.5,0.75,1.5,0.0,1.0,0.5,1.0,0.0,5.0,2.5,3.0,2.0,68.0,34.0,65.0,3.0,0.0,0.0,0.0,0.0
10987,101676,3116159,Chris Campbell,Penn State,103.0,25.75,47.0,10.0,61.0,15.25,29.0,6.0,42.0,10.5,18.0,1.0,15.0,3.75,10.0,0.0,1.0,0.25,1.0,0.0,2.0,0.5,2.0,0.0,3.0,0.75,1.0,0.0,16.0,4.0,18.0,-2.0,0.0,0.0,0.0,0.0
11245,101748,3122800,Kamrin Moore,Boston College,140.0,35.0,50.0,22.0,98.0,24.5,33.0,15.0,42.0,10.5,21.0,4.0,14.0,3.5,9.0,0.0,0.0,0.0,0.0,0.0,0.0,0.0,0.0,0.0,2.0,0.5,2.0,0.0,-1.0,-0.25,0.0,-1.0,0.0,0.0,0.0,0.0
11281,101779,3929846,DeShon Elliott,Texas,105.0,35.0,63.0,12.0,84.0,28.0,50.0,10.0,21.0,7.0,13.0,2.0,9.0,3.0,9.0,0.0,2.5,0.8333333333333334,1.5,0.0,2.0,0.6666666666666666,2.0,0.0,9.0,3.0,6.0,1.0,156.0,52.0,127.0,5.0,2.0,0.6666666666666666,2.0,0.0
11988,102670,3122593,Devante Downs,California,211.0,52.75,83.0,29.0,110.0,27.5,42.0,13.0,101.0,25.25,41.0,15.0,0.0,0.0,0.0,0.0,8.0,2.0,3.0,0.0,2.0,0.5,1.0,0.0,5.0,1.25,2.0,0.0,59.0,14.75,39.0,0.0,1.0,0.25,1.0,0.0
12493,101870,3124086,Greg Stroman,Virginia Tech,61.0,15.25,24.0,3.0,39.0,9.75,16.0,2.0,22.0,5.5,8.0,1.0,21.0,5.25,11.0,0.0,0.0,0.0,0.0,0.0,0.0,0.0,0.0,0.0,9.0,2.25,4.0,0.0,45.0,11.25,47.0,-2.0,1.0,0.25,1.0,0.0
12647,102614,3117135,Keion Crossen,Western Carolina,31.0,10.333333333333334,20.0,0.0,25.0,8.333333333333334,16.0,0.0,6.0,2.0,4.0,0.0,4.0,1.3333333333333333,4.0,0.0,1.0,0.3333333333333333,1.0,0.0,1.0,0.3333333333333333,1.0,0.0,3.0,1.0,2.0,0.0,80.0,26.666666666666668,65.0,0.0,0.0,0.0,0.0,0.0
12811,101778,3929847,Holton Hill,Texas,122.0,40.666666666666664,51.0,22.0,92.0,30.666666666666668,39.0,16.0,30.0,10.0,12.0,6.0,6.0,2.0,6.0,0.0,0.0,0.0,0.0,0.0,1.0,0.3333333333333333,1.0,0.0,3.0,1.0,2.0,0.0,117.0,39.0,76.0,0.0,3.0,1.0,2.0,0.0
12975,101668,3843234,Kevin Toliver,LSU,82.0,27.333333333333332,35.0,20.0,49.0,16.333333333333332,24.0,11.0,33.0,11.0,13.0,9.0,11.0,3.6666666666666665,10.0,0.0,1.0,0.3333333333333333,1.0,0.0,1.0,0.3333333333333333,1.0,0.0,2.0,0.6666666666666666,1.0,0.0,0.0,0.0,0.0,0.0,0.0,0.0,0.0,0.0
13002,101758,3121649,J.C. Jackson,Maryland,80.0,40.0,40.0,40.0,62.0,31.0,33.0,29.0,18.0,9.0,11.0,7.0,13.0,6.5,7.0,6.0,0.0,0.0,0.0,0.0,1.0,0.5,1.0,0.0,4.0,2.0,3.0,1.0,10.0,5.0,10.0,0.0,0.0,0.0,0.0,0.0
13047,101666,3921563,Tarvarus McFadden,Florida State,53.0,17.666666666666668,30.0,4.0,41.0,13.666666666666666,21.0,4.0,12.0,4.0,9.0,0.0,16.0,5.333333333333333,10.0,0.0,0.0,0.0,0.0,0.0,0.0,0.0,0.0,0.0,8.0,2.6666666666666665,8.0,0.0,16.0,5.333333333333333,16.0,0.0,0.0,0.0,0.0,0.0
13220,101685,3141066,Danny Johnson,Southern,21.0,5.25,13.0,0.0,16.0,4.0,9.0,0.0,5.0,1.25,4.0,0.0,0.0,0.0,0.0,0.0,0.0,0.0,0.0,0.0,1.0,0.25,1.0,0.0,15.0,3.75,7.0,2.0,292.0,73.0,118.0,0.0,3.0,0.75,2.0,0.0
13319,101771,3139926,Kameron Kelly,San Diego State,164.0,41.0,67.0,1.0,110.0,27.5,54.0,0.0,54.0,13.5,21.0,1.0,12.0,3.0,7.0,0.0,2.0,0.5,2.0,0.0,2.0,0.5,2.0,0.0,10.0,2.5,5.0,0.0,122.0,30.5,47.0,0.0,0.0,0.0,0.0,0.0
13373,101687,3124849,Chandon Sullivan,Georgia State,181.0,45.25,50.0,42.0,146.0,36.5,42.0,30.0,35.0,8.75,12.0,5.0,5.0,1.25,5.0,0.0,2.0,0.5,2.0,0.0,1.0,0.25,1.0,0.0,7.0,1.75,3.0,1.0,25.0,6.25,25.0,0.0,1.0,0.25,1.0,0.0
13583,101869,3116166,Grant Haley,Penn State,138.0,34.5,42.0,18.0,89.0,22.25,27.0,12.0,49.0,12.25,16.0,6.0,10.0,2.5,7.0,0.0,2.0,0.5,2.0,0.0,1.0,0.25,1.0,0.0,5.0,1.25,2.0,0.0,76.0,19.0,46.0,0.0,1.0,0.25,1.0,0.0
13642,101909,3121589,Stephen Roberts,Auburn,137.0,34.25,57.0,3.0,81.0,20.25,33.0,2.0,56.0,14.0,24.0,1.0,9.0,2.25,7.0,0.0,0.0,0.0,0.0,0.0,2.0,0.5,1.0,0.0,2.0,0.5,2.0,0.0,0.0,0.0,0.0,0.0,0.0,0.0,0.0,0.0
13757,101684,3124020,Quin Blanding,Virginia,493.0,123.25,137.0,115.0,260.0,65.0,70.0,60.0,233.0,58.25,75.0,47.0,2.0,0.5,2.0,0.0,1.0,0.25,1.0,0.0,1.0,0.25,1.0,0.0,10.0,2.5,4.0,1.0,108.0,27.0,72.0,0.0,1.0,0.25,1.0,0.0
13802,101705,3931400,Quenton Meeks,Stanford,115.0,38.333333333333336,61.0,19.0,76.0,25.333333333333332,38.0,14.0,39.0,13.0,23.0,5.0,13.0,4.333333333333333,7.0,0.0,0.0,0.0,0.0,0.0,0.0,0.0,0.0,0.0,7.0,2.3333333333333335,3.0,2.0,144.0,48.0,83.0,11.0,2.0,0.6666666666666666,1.0,0.0
13874,101718,3125248,Jeremy Reaves,South Alabama,296.0,74.0,100.0,16.0,205.0,51.25,67.0,14.0,91.0,22.75,33.0,2.0,12.0,3.0,7.0,0.0,1.5,0.375,1.5,0.0,8.0,2.0,3.0,1.0,8.0,2.0,3.0,0.0,46.0,11.5,39.0,0.0,0.0,0.0,0.0,0.0
13910,101719,3133440,Levi Â Wallace,Alabama,59.0,29.5,48.0,11.0,38.0,19.0,31.0,7.0,21.0,10.5,17.0,4.0,17.0,8.5,15.0,2.0,2.0,1.0,2.0,0.0,0.0,0.0,0.0,0.0,3.0,1.5,3.0,0.0,66.0,33.0,66.0,0.0,1.0,0.5,1.0,0.0
13937,101856,3121433,Damon Webb,Ohio State,131.0,32.75,61.0,3.0,82.0,20.5,44.0,3.0,49.0,12.25,25.0,0.0,6.0,1.5,3.0,0.0,0.0,0.0,0.0,0.0,1.0,0.25,1.0,0.0,6.0,1.5,5.0,0.0,110.0,27.5,74.0,0.0,2.0,0.5,1.0,0.0
14301,101863,4038830,JaMarcus King,South Carolina,95.0,47.5,54.0,41.0,85.0,42.5,50.0,35.0,10.0,5.0,6.0,4.0,21.0,10.5,12.0,9.0,1.0,0.5,1.0,0.0,1.0,0.5,1.0,0.0,5.0,2.5,3.0,2.0,0.0,0.0,0.0,0.0,0.0,0.0,0.0,0.0
14461,101686,3138733,Sean Chandler,Temple,265.0,66.25,79.0,51.0,183.0,45.75,56.0,30.0,82.0,20.5,23.0,17.0,4.0,1.0,4.0,0.0,3.0,0.75,1.0,0.0,3.0,0.75,1.0,0.0,10.0,2.5,4.0,1.0,155.0,38.75,92.0,0.0,2.0,0.5,2.0,0.0
14533,101878,3125356,Jalen Davis,Utah State,181.0,45.25,60.0,33.0,123.0,30.75,43.0,24.0,58.0,14.5,19.0,9.0,15.0,3.75,15.0,0.0,8.0,2.0,4.0,1.0,4.0,1.0,1.0,1.0,11.0,2.75,5.0,1.0,242.0,60.5,120.0,20.0,4.0,1.0,3.0,0.0
15224,101887,4048717,Rico Gafford,Wyoming,103.0,51.5,60.0,43.0,76.0,38.0,47.0,29.0,27.0,13.5,14.0,13.0,11.0,5.5,6.0,5.0,0.0,0.0,0.0,0.0,2.0,1.0,2.0,0.0,6.0,3.0,4.0,2.0,109.0,54.5,64.0,45.0,1.0,0.5,1.0,0.0
16270,103927,3915419,Darnell Savage Jr.,Maryland,182.0,45.5,59.0,12.0,139.0,34.75,45.0,11.0,43.0,10.75,14.0,1.0,14.0,3.5,8.0,0.0,1.0,0.25,1.0,0.0,0.0,0.0,0.0,0.0,7.0,1.75,4.0,0.0,153.0,38.25,93.0,0.0,2.0,0.5,1.0,0.0
16635,103518,3915163,Deandre Baker,Georgia,116.0,29.0,44.0,1.0,83.0,20.75,31.0,1.0,33.0,8.25,14.0,0.0,23.0,5.75,9.0,0.0,1.0,0.25,1.0,0.0,2.0,0.5,1.0,0.0,7.0,1.75,3.0,0.0,145.0,36.25,81.0,0.0,0.0,0.0,0.0,0.0
16803,103578,4038999,Byron Murphy,Washington,74.0,37.0,58.0,16.0,50.0,25.0,37.0,13.0,24.0,12.0,21.0,3.0,20.0,10.0,13.0,7.0,1.0,0.5,1.0,0.0,2.0,1.0,1.0,1.0,7.0,3.5,4.0,3.0,95.0,47.5,78.0,17.0,1.0,0.5,1.0,0.0
16830,103745,3910229,Rock Ya-Sin,Temple,62.0,20.666666666666668,47.0,6.0,49.0,16.333333333333332,36.0,6.0,13.0,4.333333333333333,11.0,0.0,15.0,5.0,12.0,0.0,0.0,0.0,0.0,0.0,0.0,0.0,0.0,0.0,7.0,2.3333333333333335,5.0,0.0,44.0,14.666666666666666,45.0,-1.0,0.0,0.0,0.0,0.0
17020,103891,3932886,Sean Bunting,Central Michigan,104.0,34.666666666666664,49.0,18.0,72.0,24.0,34.0,12.0,32.0,10.666666666666666,15.0,6.0,15.0,5.0,5.0,5.0,0.0,0.0,0.0,0.0,4.0,1.3333333333333333,2.0,0.0,9.0,3.0,5.0,2.0,35.0,11.666666666666666,19.0,0.0,0.0,0.0,0.0,0.0
17065,103840,4035458,Trayvon Mullen,Clemson,92.0,30.666666666666668,40.0,16.0,67.0,22.333333333333332,30.0,7.0,25.0,8.333333333333334,10.0,6.0,7.0,2.3333333333333335,3.0,1.0,2.0,0.6666666666666666,2.0,0.0,1.0,0.3333333333333333,1.0,0.0,4.0,1.3333333333333333,3.0,0.0,46.0,15.333333333333334,46.0,0.0,0.0,0.0,0.0,0.0
17260,103875,4035286,Joejuan Williams,Vanderbilt,119.0,39.666666666666664,61.0,19.0,95.0,31.666666666666668,48.0,14.0,24.0,8.0,13.0,5.0,25.0,8.333333333333334,13.0,2.0,0.0,0.0,0.0,0.0,1.0,0.3333333333333333,1.0,0.0,4.0,1.3333333333333333,4.0,0.0,8.0,2.6666666666666665,8.0,0.0,0.0,0.0,0.0,0.0
17287,103506,4035437,Greedy Williams,LSU,71.0,35.5,38.0,33.0,49.0,24.5,26.0,23.0,22.0,11.0,12.0,10.0,20.0,10.0,11.0,9.0,0.0,0.0,0.0,0.0,0.0,0.0,0.0,0.0,8.0,4.0,6.0,2.0,52.0,26.0,32.0,20.0,0.0,0.0,0.0,0.0
17305,103650,4243244,Marquise Blair,Utah,106.0,53.0,59.0,47.0,79.0,39.5,44.0,35.0,27.0,13.5,15.0,12.0,4.0,2.0,2.0,2.0,0.0,0.0,0.0,0.0,1.0,0.5,1.0,0.0,2.0,1.0,2.0,0.0,5.0,2.5,5.0,0.0,0.0,0.0,0.0,0.0
17614,103598,4240780,Lonnie Johnson Jr.,Kentucky,64.0,32.0,41.0,23.0,52.0,26.0,35.0,17.0,12.0,6.0,6.0,6.0,9.0,4.5,5.0,4.0,1.0,0.5,1.0,0.0,1.0,0.5,1.0,0.0,1.0,0.5,1.0,0.0,24.0,12.0,24.0,0.0,0.0,0.0,0.0,0.0
17936,103728,3912028,Nasir Adderley,Delaware,9.0,3.0,6.0,0.0,3.0,1.0,2.0,0.0,6.0,2.0,4.0,0.0,0.0,0.0,0.0,0.0,0.0,0.0,0.0,0.0,1.0,0.3333333333333333,1.0,0.0,11.0,3.6666666666666665,5.0,2.0,158.0,52.666666666666664,135.0,1.0,1.0,0.3333333333333333,1.0,0.0
18008,103541,4039007,Taylor Rapp,Washington,169.0,56.333333333333336,59.0,51.0,104.0,34.666666666666664,42.0,29.0,65.0,21.666666666666668,26.0,17.0,6.0,2.0,4.0,0.0,7.0,2.3333333333333335,5.0,0.0,2.0,0.6666666666666666,1.0,0.0,7.0,2.3333333333333335,4.0,1.0,59.0,19.666666666666668,58.0,0.0,1.0,0.3333333333333333,1.0,0.0
18165,103727,3917909,Juan Thornhill,Virginia,208.0,52.0,98.0,2.0,141.0,35.25,62.0,2.0,67.0,16.75,36.0,0.0,19.0,4.75,12.0,0.0,1.5,0.375,1.0,0.0,1.0,0.25,1.0,0.0,13.0,3.25,6.0,0.0,177.0,44.25,141.0,0.0,0.0,0.0,0.0,0.0
19007,103842,4046536,David Long,Michigan,37.0,18.5,20.0,17.0,21.0,10.5,11.0,10.0,16.0,8.0,9.0,7.0,11.0,5.5,6.0,5.0,0.5,0.25,0.5,0.0,0.0,0.0,0.0,0.0,3.0,1.5,2.0,1.0,120.0,60.0,105.0,15.0,0.0,0.0,0.0,0.0
19061,103738,3915297,Will Harris,Boston College,223.0,55.75,83.0,20.0,138.0,34.5,45.0,17.0,85.0,21.25,38.0,3.0,6.0,1.5,4.0,0.0,1.0,0.25,1.0,0.0,1.0,0.25,1.0,0.0,5.0,1.25,2.0,1.0,65.0,16.25,64.0,0.0,0.0,0.0,0.0,0.0
19124,103847,4046719,Justin Layne,Michigan State,130.0,43.333333333333336,72.0,18.0,79.0,26.333333333333332,44.0,11.0,51.0,17.0,28.0,7.0,23.0,7.666666666666667,15.0,0.0,0.5,0.16666666666666666,0.5,0.0,1.0,0.3333333333333333,1.0,0.0,3.0,1.0,1.0,1.0,49.0,16.333333333333332,43.0,0.0,1.0,0.3333333333333333,1.0,0.0
19596,103733,3873935,Jamel Dean,Auburn,71.0,35.5,43.0,28.0,45.0,22.5,23.0,22.0,26.0,13.0,20.0,6.0,17.0,8.5,9.0,8.0,1.0,0.5,1.0,0.0,0.0,0.0,0.0,0.0,2.0,1.0,2.0,0.0,0.0,0.0,0.0,0.0,0.0,0.0,0.0,0.0
19696,103739,3155647,Mike Edwards,Kentucky,317.0,79.25,100.0,39.0,190.0,47.5,56.0,25.0,127.0,31.75,44.0,14.0,21.0,5.25,8.0,0.0,1.5,0.375,1.0,0.0,2.0,0.5,1.0,0.0,10.0,2.5,4.0,1.0,146.0,36.5,79.0,1.0,2.0,0.5,1.0,0.0
19921,103550,4034953,Chauncey Gardner-Johnson,Florida,161.0,53.666666666666664,71.0,32.0,92.0,30.666666666666668,37.0,21.0,69.0,23.0,34.0,11.0,12.0,4.0,7.0,2.0,4.0,1.3333333333333333,3.0,0.0,0.0,0.0,0.0,0.0,9.0,3.0,4.0,2.0,301.0,100.33333333333333,110.0,88.0,3.0,1.0,2.0,0.0
20056,103540,4046675,Julian Love,Notre Dame,172.0,57.333333333333336,64.0,45.0,123.0,41.0,49.0,32.0,49.0,16.333333333333332,22.0,13.0,34.0,11.333333333333334,18.0,0.0,0.0,0.0,0.0,0.0,1.0,0.3333333333333333,1.0,0.0,5.0,1.6666666666666667,3.0,1.0,159.0,53.0,153.0,2.0,2.0,0.6666666666666666,2.0,0.0
20101,103748,3929835,Khari Willis,Michigan State,196.0,49.0,84.0,11.0,98.0,24.5,41.0,2.0,98.0,24.5,43.0,9.0,13.0,3.25,10.0,0.0,4.0,1.0,4.0,0.0,2.0,0.5,1.0,0.0,4.0,1.0,2.0,0.0,50.0,12.5,30.0,0.0,0.0,0.0,0.0,0.0
20168,103898,3925358,Kendall Sheffield,Ohio State,75.0,37.5,40.0,35.0,58.0,29.0,31.0,27.0,17.0,8.5,9.0,8.0,17.0,8.5,9.0,8.0,0.0,0.0,0.0,0.0,2.0,1.0,1.0,1.0,2.0,1.0,2.0,0.0,0.0,0.0,0.0,0.0,0.0,0.0,0.0,0.0
20382,103850,4036134,Amani Hooker,Iowa,125.0,41.666666666666664,65.0,4.0,80.0,26.666666666666668,41.0,3.0,45.0,15.0,29.0,1.0,9.0,3.0,7.0,0.0,1.0,0.3333333333333333,1.0,0.0,0.0,0.0,0.0,0.0,6.0,2.0,4.0,0.0,90.0,30.0,60.0,0.0,1.0,0.3333333333333333,1.0,0.0
20486,103742,3917852,Sheldrick Redwine,Miami,164.0,41.0,64.0,13.0,98.0,24.5,37.0,8.0,66.0,16.5,29.0,5.0,10.0,2.5,6.0,0.0,3.5,0.875,3.0,0.0,4.0,1.0,2.0,0.0,5.0,1.25,3.0,0.0,76.0,19.0,62.0,0.0,0.0,0.0,0.0,0.0
20928,103667,3912545,Iman Marshall,USC,216.0,54.0,67.0,48.0,146.0,36.5,39.0,33.0,70.0,17.5,28.0,11.0,27.0,6.75,10.0,0.0,0.0,0.0,0.0,0.0,1.0,0.25,1.0,0.0,6.0,1.5,3.0,0.0,27.0,6.75,15.0,0.0,0.0,0.0,0.0,0.0
21075,103620,3126182,Isaiah Johnson,Houston,115.0,38.333333333333336,66.0,4.0,88.0,29.333333333333332,50.0,4.0,27.0,9.0,16.0,0.0,14.0,4.666666666666667,7.0,0.0,0.0,0.0,0.0,0.0,0.0,0.0,0.0,0.0,4.0,1.3333333333333333,2.0,0.0,94.0,31.333333333333332,49.0,0.0,0.0,0.0,0.0,0.0
21166,103999,3886834,Ugochukwu Amadi,Oregon,164.0,41.0,54.0,25.0,124.0,31.0,42.0,20.0,40.0,10.0,12.0,5.0,16.0,4.0,8.0,0.0,3.0,0.75,1.5,0.0,3.0,0.75,3.0,0.0,8.0,2.0,3.0,0.0,122.0,30.5,70.0,0.0,2.0,0.5,2.0,0.0
21455,103517,3859100,Deionte Thompson,Alabama,112.0,37.333333333333336,78.0,9.0,69.0,23.0,47.0,4.0,43.0,14.333333333333334,31.0,5.0,7.0,2.3333333333333335,6.0,0.0,0.0,0.0,0.0,0.0,3.0,1.0,3.0,0.0,3.0,1.0,2.0,0.0,86.0,28.666666666666668,65.0,0.0,0.0,0.0,0.0,0.0
21703,103548,3912544,Marvell Tell III,USC,220.0,55.0,85.0,36.0,127.0,31.75,42.0,19.0,93.0,23.25,43.0,16.0,9.0,2.25,5.0,0.0,1.0,0.25,1.0,0.0,1.0,0.25,1.0,0.0,5.0,1.25,3.0,0.0,60.0,15.0,64.0,-4.0,1.0,0.25,1.0,0.0
21797,103601,3116175,Amani Oruwariye,Penn State,105.0,26.25,50.0,5.0,72.0,18.0,39.0,1.0,33.0,8.25,11.0,4.0,18.0,4.5,11.0,0.0,0.0,0.0,0.0,0.0,1.0,0.25,1.0,0.0,8.0,2.0,4.0,0.0,45.0,11.25,30.0,-2.0,1.0,0.25,1.0,0.0
22429,103626,3917853,Michael Jackson,Miami,97.0,24.25,43.0,5.0,64.0,16.0,34.0,2.0,33.0,8.25,17.0,2.0,12.0,3.0,6.0,0.0,3.5,0.875,2.5,0.0,0.0,0.0,0.0,0.0,4.0,1.0,4.0,0.0,0.0,0.0,0.0,0.0,0.0,0.0,0.0,0.0
23171,103612,3886824,Jordan Miller,Washington,61.0,15.25,26.0,5.0,48.0,12.0,20.0,4.0,13.0,3.25,6.0,1.0,12.0,3.0,6.0,0.0,0.0,0.0,0.0,0.0,3.0,0.75,2.0,0.0,6.0,1.5,2.0,1.0,57.0,14.25,55.0,0.0,0.0,0.0,0.0,0.0
23477,103662,3127367,Saquan Hampton,Rutgers,172.0,43.0,64.0,28.0,120.0,30.0,44.0,22.0,52.0,13.0,20.0,4.0,16.0,4.0,13.0,0.0,0.0,0.0,0.0,0.0,0.0,0.0,0.0,0.0,5.0,1.25,3.0,0.0,33.0,8.25,30.0,0.0,0.0,0.0,0.0,0.0
23603,103568,3672862,Jaquan Johnson,Miami,251.0,62.75,96.0,25.0,138.0,34.5,54.0,16.0,113.0,28.25,48.0,9.0,7.0,1.75,4.0,0.0,2.5,0.625,1.5,0.0,6.0,1.5,3.0,0.0,8.0,2.0,4.0,1.0,77.0,19.25,57.0,0.0,1.0,0.25,1.0,0.0
23788,104045,3916676,Ka'dar Hollman,Toledo,110.0,36.666666666666664,42.0,33.0,83.0,27.666666666666668,32.0,25.0,27.0,9.0,10.0,8.0,27.0,9.0,12.0,7.0,0.0,0.0,0.0,0.0,0.0,0.0,0.0,0.0,2.0,0.6666666666666666,1.0,0.0,2.0,0.6666666666666666,2.0,0.0,0.0,0.0,0.0,0.0
24068,104048,3139368,Marcus Epps,Wyoming,324.0,81.0,111.0,62.0,214.0,53.5,72.0,41.0,110.0,27.5,39.0,21.0,18.0,4.5,8.0,0.0,2.0,0.5,1.0,0.0,5.0,1.25,2.0,1.0,9.0,2.25,4.0,0.0,211.0,52.75,94.0,0.0,1.0,0.25,1.0,0.0
24283,103592,3930021,Blessuan Austin,Rutgers,90.0,22.5,43.0,3.0,67.0,16.75,30.0,3.0,23.0,5.75,13.0,0.0,1.0,0.25,1.0,0.0,2.0,0.5,1.0,0.0,1.0,0.25,1.0,0.0,4.0,1.0,1.0,1.0,45.0,11.25,50.0,-5.0,1.0,0.25,1.0,0.0
24514,103758,3924364,Rashad Fenton,South Carolina,121.0,30.25,48.0,2.0,95.0,23.75,42.0,2.0,26.0,6.5,11.0,0.0,19.0,4.75,8.0,0.0,0.5,0.125,0.5,0.0,1.0,0.25,1.0,0.0,5.0,1.25,3.0,0.0,24.0,6.0,16.0,0.0,0.0,0.0,0.0,0.0
24813,104051,3916126,Duke Shelley,Kansas State,165.0,41.25,56.0,28.0,153.0,38.25,53.0,28.0,12.0,3.0,8.0,0.0,24.0,6.0,11.0,0.0,1.0,0.25,1.0,0.0,1.0,0.25,1.0,0.0,8.0,2.0,3.0,0.0,84.0,21.0,30.0,0.0,2.0,0.5,1.0,0.0
25266,102700,3122135,Donovan Wilson,Texas A&M,207.0,51.75,66.0,19.0,127.0,31.75,37.0,17.0,80.0,20.0,29.0,2.0,5.0,1.25,3.0,0.0,5.0,1.25,2.0,0.0,3.0,0.75,2.0,0.0,8.0,2.0,5.0,0.0,76.0,19.0,76.0,0.0,1.0,0.25,1.0,0.0
25393,103577,3929845,Kris Boyd,Texas,187.0,46.75,67.0,16.0,138.0,34.5,50.0,9.0,49.0,12.25,19.0,6.0,31.0,7.75,16.0,0.0,1.0,0.25,1.0,0.0,4.0,1.0,2.0,0.0,4.0,1.0,2.0,0.0,70.0,17.5,70.0,0.0,0.0,0.0,0.0,0.0
25619,103776,3126245,Donnie Lewis Jr.,Tulane,161.0,40.25,56.0,30.0,130.0,32.5,44.0,26.0,31.0,7.75,12.0,4.0,27.0,6.75,16.0,0.0,0.5,0.125,0.5,0.0,0.0,0.0,0.0,0.0,8.0,2.0,3.0,0.0,79.0,19.75,49.0,0.0,1.0,0.25,1.0,0.0
25966,103699,3120508,Jimmy Moreland,James Madison,25.0,6.25,11.0,0.0,21.0,5.25,10.0,0.0,4.0,1.0,2.0,0.0,3.0,0.75,3.0,0.0,0.0,0.0,0.0,0.0,1.0,0.25,1.0,0.0,18.0,4.5,8.0,2.0,267.0,66.75,217.0,-29.0,6.0,1.5,3.0,0.0
26766,104061,3116179,Nick Scott,Penn State,113.0,28.25,65.0,8.0,60.0,15.0,35.0,3.0,53.0,13.25,30.0,3.0,2.0,0.5,1.0,0.0,1.0,0.25,1.0,0.0,0.0,0.0,0.0,0.0,3.0,0.6,3.0,0.0,16.0,4.0,16.0,0.0,0.0,0.0,0.0,0.0
27595,103849,4035339,Hamp Cheevers,Boston College,57.0,28.5,40.0,17.0,37.0,18.5,28.0,9.0,20.0,10.0,12.0,8.0,9.0,4.5,6.0,3.0,0.0,0.0,0.0,0.0,3.0,1.5,2.0,1.0,9.0,4.5,7.0,2.0,178.0,89.0,135.0,43.0,1.0,0.5,1.0,0.0
27622,103777,4243161,Evan Worthington,Colorado,127.0,63.5,87.0,40.0,83.0,41.5,58.0,25.0,44.0,22.0,29.0,15.0,10.0,5.0,6.0,4.0,2.0,1.0,1.0,1.0,1.0,0.5,1.0,0.0,4.0,2.0,3.0,1.0,44.0,22.0,44.0,0.0,0.0,0.0,0.0,0.0
27721,103923,3126238,Derrek Thomas,Baylor,56.0,18.666666666666668,29.0,6.0,44.0,14.666666666666666,22.0,5.0,12.0,4.0,7.0,1.0,19.0,6.333333333333333,7.0,5.0,0.0,0.0,0.0,0.0,0.0,0.0,0.0,0.0,2.0,0.6666666666666666,1.0,0.0,76.0,25.333333333333332,83.0,-7.0,0.0,0.0,0.0,0.0
27748,103559,3915291,Lukas Denis,Boston College,139.0,46.333333333333336,83.0,7.0,82.0,27.333333333333332,46.0,5.0,57.0,19.0,37.0,2.0,16.0,5.333333333333333,10.0,2.0,0.5,0.16666666666666666,0.5,0.0,2.0,0.6666666666666666,1.0,0.0,9.0,3.0,7.0,1.0,244.0,81.33333333333333,185.0,0.0,1.0,0.3333333333333333,1.0,0.0
27840,103997,3918331,Andrew Wingard,Wyoming,454.0,113.5,131.0,87.0,274.0,68.5,83.0,46.0,180.0,45.0,56.0,39.0,6.0,1.5,3.0,0.0,4.0,1.0,2.0,0.0,4.0,1.0,2.0,0.0,10.0,2.5,5.0,1.0,87.0,21.75,54.0,0.0,0.0,0.0,0.0,0.0
28216,103759,3126322,Darius West,Kentucky,188.0,62.666666666666664,86.0,17.0,116.0,38.666666666666664,57.0,12.0,72.0,24.0,39.0,5.0,7.0,2.3333333333333335,6.0,0.0,0.0,0.0,0.0,0.0,1.0,0.3333333333333333,1.0,0.0,4.0,1.3333333333333333,3.0,0.0,72.0,24.0,51.0,0.0,0.0,0.0,0.0,0.0
28288,103570,3917279,Jamal Peters,Mississippi State,99.0,24.75,33.0,18.0,56.0,14.0,24.0,8.0,43.0,10.75,15.0,6.0,8.0,2.0,4.0,0.0,1.0,0.25,1.0,0.0,2.0,0.5,2.0,0.0,3.0,0.75,2.0,0.0,90.0,22.5,90.0,0.0,1.0,0.25,1.0,0.0
28481,103582,3128652,Blace Brown,Troy,111.0,37.0,44.0,33.0,76.0,25.333333333333332,28.0,23.0,35.0,11.666666666666666,19.0,6.0,16.0,5.333333333333333,6.0,4.0,0.5,0.16666666666666666,0.5,0.0,2.0,0.6666666666666666,1.0,0.0,12.0,4.0,6.0,1.0,181.0,60.333333333333336,93.0,0.0,1.0,0.3333333333333333,1.0,0.0
28868,104001,3930075,Zedrick Woods,Ole Miss,231.0,57.75,79.0,25.0,126.0,31.5,42.0,16.0,105.0,26.25,37.0,9.0,8.0,2.0,4.0,0.0,0.5,0.125,0.5,0.0,2.0,0.5,2.0,0.0,6.0,1.5,3.0,0.0,91.0,22.75,71.0,-2.0,1.0,0.25,1.0,0.0
29452,103806,3915970,Montre Hartage,Northwestern,172.0,43.0,60.0,4.0,140.0,35.0,49.0,3.0,32.0,8.0,12.0,1.0,29.0,7.25,13.0,0.0,0.0,0.0,0.0,0.0,0.0,0.0,0.0,0.0,10.0,2.5,5.0,0.0,87.0,21.75,70.0,0.0,0.0,0.0,0.0,0.0
29552,103781,3929849,Davante Davis,Texas,118.0,29.5,42.0,15.0,102.0,25.5,36.0,13.0,16.0,4.0,6.0,2.0,11.0,2.75,8.0,0.0,0.0,0.0,0.0,0.0,3.0,0.75,1.0,0.0,4.0,1.0,2.0,0.0,17.0,4.25,14.0,0.0,0.0,0.0,0.0,0.0
29660,103632,3728261,Mark Fields,Clemson,41.0,10.25,15.0,5.0,32.0,8.0,13.0,1.0,9.0,2.25,4.0,1.0,9.0,2.25,5.0,0.0,1.0,0.25,1.0,0.0,0.0,0.0,0.0,0.0,1.0,0.25,1.0,0.0,42.0,10.5,42.0,0.0,1.0,0.25,1.0,0.0
29779,103820,3915240,Derrick Baity Jr.,Kentucky,148.0,37.0,49.0,19.0,112.0,28.0,36.0,14.0,36.0,9.0,14.0,5.0,23.0,5.75,9.0,0.0,0.0,0.0,0.0,0.0,2.0,0.5,1.0,0.0,6.0,1.5,3.0,0.0,55.0,13.75,48.0,-3.0,0.0,0.0,0.0,0.0
29979,103605,3127305,JoJo McIntosh,Washington,212.0,53.0,67.0,38.0,127.0,31.75,40.0,20.0,85.0,21.25,27.0,13.0,5.0,1.25,2.0,0.0,0.0,0.0,0.0,0.0,4.0,1.0,2.0,0.0,2.0,0.5,1.0,0.0,41.0,10.25,33.0,0.0,0.0,0.0,0.0,0.0
30328,103795,3124096,Cameron Glenn,Wake Forest,269.0,67.25,98.0,35.0,184.0,46.0,69.0,24.0,85.0,21.25,33.0,9.0,11.0,2.75,7.0,0.0,2.5,0.625,2.5,0.0,3.0,0.75,2.0,0.0,4.0,1.0,2.0,0.0,57.0,14.25,41.0,0.0,0.0,0.0,0.0,0.0
30373,103873,4036434,Clifton Duck,Appalachian State,158.0,52.666666666666664,57.0,50.0,107.0,35.666666666666664,43.0,28.0,51.0,17.0,23.0,14.0,19.0,6.333333333333333,8.0,5.0,1.0,0.3333333333333333,1.0,0.0,0.0,0.0,0.0,0.0,12.0,4.0,6.0,1.0,155.0,51.666666666666664,103.0,0.0,1.0,0.3333333333333333,1.0,0.0
30609,103794,3128431,Jordan Wyatt,SMU,146.0,36.5,50.0,16.0,116.0,29.0,40.0,13.0,30.0,7.5,11.0,3.0,12.0,3.0,8.0,0.0,1.0,0.25,1.0,0.0,8.0,2.0,4.0,0.0,11.0,2.75,4.0,1.0,289.0,72.25,165.0,1.0,4.0,1.0,2.0,0.0
30801,103851,3918044,Mike Bell,Fresno State,199.0,66.33333333333333,87.0,35.0,121.0,40.333333333333336,53.0,17.0,78.0,26.0,34.0,18.0,11.0,3.6666666666666665,8.0,0.0,0.5,0.16666666666666666,0.5,0.0,1.0,0.3333333333333333,1.0,0.0,4.0,1.3333333333333333,3.0,0.0,19.0,6.333333333333333,18.0,0.0,0.0,0.0,0.0,0.0
31163,103894,3916913,Ryan Pulley,Arkansas,94.0,23.5,47.0,1.0,70.0,17.5,33.0,1.0,24.0,6.0,14.0,0.0,19.0,4.75,13.0,0.0,1.0,0.25,1.0,0.0,1.0,0.25,1.0,0.0,6.0,1.5,3.0,0.0,83.0,20.75,75.0,0.0,1.0,0.25,1.0,0.0
31313,104010,3917286,Mark McLaurin,Mississippi State,214.0,53.5,79.0,20.0,106.0,26.5,36.0,10.0,108.0,27.0,43.0,10.0,15.0,3.75,6.0,0.0,2.5,0.625,1.5,0.0,2.0,0.5,1.0,0.0,8.0,2.0,6.0,0.0,112.0,28.0,85.0,0.0,0.0,0.0,0.0,0.0
31492,104012,3931774,Malik Gant,Marshall,201.0,67.0,100.0,6.0,94.0,31.333333333333332,47.0,2.0,107.0,35.666666666666664,53.0,4.0,13.0,4.333333333333333,8.0,0.0,1.0,0.3333333333333333,1.0,0.0,0.0,0.0,0.0,0.0,2.0,0.6666666666666666,2.0,0.0,1.0,0.3333333333333333,1.0,0.0,0.0,0.0,0.0,0.0
31742,103704,3123049,Kiy Hester,Rutgers,149.0,37.25,51.0,30.0,96.0,24.0,34.0,15.0,53.0,13.25,17.0,9.0,11.0,2.75,10.0,0.0,1.0,0.25,1.0,0.0,0.0,0.0,0.0,0.0,4.0,1.0,3.0,0.0,95.0,23.75,95.0,0.0,2.0,0.5,2.0,0.0
31945,103924,3128393,Brian Peavy,Iowa State,289.0,72.25,88.0,57.0,185.0,46.25,54.0,41.0,104.0,26.0,39.0,16.0,17.0,4.25,9.0,0.0,2.5,0.625,1.0,0.0,5.0,1.25,3.0,0.0,6.0,1.5,2.0,1.0,92.0,23.0,70.0,-1.0,0.0,0.0,0.0,0.0
32440,103646,3117249,Alijah Holder,Stanford,132.0,33.0,58.0,10.0,89.0,22.25,37.0,6.0,43.0,10.75,21.0,4.0,18.0,4.5,9.0,0.0,0.0,0.0,0.0,0.0,5.0,1.25,3.0,0.0,2.0,0.5,1.0,0.0,63.0,15.75,32.0,0.0,1.0,0.25,1.0,0.0
32553,104015,3923411,Delvon Randall,Temple,246.0,61.5,85.0,16.0,179.0,44.75,62.0,12.0,67.0,16.75,23.0,4.0,11.0,2.75,6.0,0.0,1.0,0.25,1.0,0.0,2.0,0.5,2.0,0.0,12.0,3.0,4.0,0.0,125.0,31.25,57.0,0.0,1.0,0.25,1.0,0.0
33442,104096,4241984,Jeff Okudah,Ohio State,84.0,28.0,35.0,17.0,65.0,21.666666666666668,29.0,12.0,19.0,6.333333333333333,8.0,5.0,18.0,6.0,9.0,1.0,0.0,0.0,0.0,0.0,2.0,0.6666666666666666,2.0,0.0,3.0,1.0,3.0,0.0,0.0,0.0,0.0,0.0,0.0,0.0,0.0,0.0
33745,104104,4240596,CJ Henderson,Florida,93.0,31.0,38.0,22.0,66.0,22.0,26.0,14.0,27.0,9.0,12.0,7.0,20.0,6.666666666666667,11.0,4.0,4.0,1.3333333333333333,3.0,0.0,2.0,0.6666666666666666,2.0,0.0,6.0,2.0,4.0,0.0,82.0,27.333333333333332,82.0,0.0,2.0,0.6666666666666666,2.0,0.0
33993,104476,4239995,A.J. Terrell,Clemson,102.0,34.0,53.0,15.0,73.0,24.333333333333332,40.0,9.0,29.0,9.666666666666666,13.0,6.0,11.0,3.6666666666666665,5.0,3.0,0.5,0.16666666666666666,0.5,0.0,2.0,0.6666666666666666,2.0,0.0,6.0,2.0,3.0,1.0,160.0,53.333333333333336,95.0,0.0,1.0,0.3333333333333333,1.0,0.0
34150,104223,3915506,Damon Arnette,Ohio State,140.0,35.0,44.0,21.0,104.0,26.0,35.0,11.0,36.0,9.0,10.0,8.0,22.0,5.5,8.0,0.0,0.0,0.0,0.0,0.0,2.0,0.5,1.0,0.0,5.0,1.25,2.0,1.0,132.0,33.0,96.0,0.0,1.0,0.25,1.0,0.0
34620,104428,4242516,Noah Igbinoghene,Auburn,87.0,43.5,45.0,42.0,65.0,32.5,37.0,28.0,22.0,11.0,14.0,8.0,18.0,9.0,11.0,7.0,0.0,0.0,0.0,0.0,1.0,0.5,1.0,0.0,1.0,0.5,1.0,0.0,0.0,0.0,0.0,0.0,0.0,0.0,0.0,0.0
34693,104219,3676819,Jeff Gladney,TCU,146.0,36.5,46.0,28.0,107.0,26.75,30.0,23.0,39.0,9.75,16.0,5.0,38.0,9.5,14.0,5.0,1.5,0.375,1.0,0.0,0.0,0.0,0.0,0.0,5.0,1.25,2.0,0.0,128.0,32.0,94.0,0.0,0.0,0.0,0.0,0.0
35115,104198,4241470,Xavier McKinney,Alabama,177.0,59.0,95.0,8.0,109.0,36.333333333333336,59.0,5.0,68.0,22.666666666666668,36.0,3.0,15.0,5.0,10.0,0.0,6.0,2.0,3.0,0.0,6.0,2.0,4.0,0.0,5.0,1.6666666666666667,3.0,0.0,101.0,33.666666666666664,78.0,0.0,2.0,0.6666666666666666,1.0,0.0
35443,104095,4242208,Grant Delpit,LSU,199.0,66.33333333333333,74.0,60.0,120.0,40.0,46.0,36.0,79.0,26.333333333333332,28.0,24.0,24.0,8.0,9.0,7.0,7.0,2.3333333333333335,5.0,0.0,2.0,0.6666666666666666,1.0,0.0,8.0,2.6666666666666665,5.0,1.0,1.0,0.3333333333333333,1.0,0.0,0.0,0.0,0.0,0.0
35470,104481,4034790,Antoine Winfield Jr.,Minnesota,174.0,43.5,85.0,17.0,126.0,31.5,62.0,10.0,48.0,12.0,23.0,3.0,6.0,1.5,3.0,0.0,4.0,1.0,3.0,0.0,2.0,0.5,2.0,0.0,9.0,2.25,7.0,0.0,193.0,48.25,111.0,0.0,2.0,0.5,1.0,0.0
35763,104210,4243253,Jaylon Johnson,Utah,102.0,34.0,41.0,25.0,88.0,29.333333333333332,34.0,23.0,14.0,4.666666666666667,10.0,2.0,21.0,7.0,11.0,4.0,1.0,0.3333333333333333,1.0,0.0,0.0,0.0,0.0,0.0,7.0,2.3333333333333335,4.0,1.0,165.0,55.0,126.0,0.0,2.0,0.6666666666666666,1.0,0.0
35808,104110,4040966,Trevon Diggs,Alabama,68.0,17.0,37.0,5.0,43.0,10.75,20.0,2.0,25.0,6.25,17.0,2.0,17.0,4.25,8.0,0.0,0.0,0.0,0.0,0.0,2.0,0.5,1.0,0.0,4.0,1.0,3.0,0.0,79.0,19.75,79.0,0.0,1.0,0.25,1.0,0.0
36530,104102,4035433,Kristian Fulton,LSU,61.0,20.333333333333332,38.0,2.0,46.0,15.333333333333334,28.0,1.0,15.0,5.0,10.0,1.0,21.0,7.0,14.0,0.0,0.0,0.0,0.0,0.0,1.0,0.3333333333333333,1.0,0.0,2.0,0.6666666666666666,1.0,0.0,0.0,0.0,0.0,0.0,0.0,0.0,0.0,0.0
36645,104397,4043169,Jeremy Chinn,Southern Illinois,22.0,5.5,8.0,0.0,19.0,4.75,7.0,0.0,3.0,0.75,1.0,0.0,3.0,0.75,2.0,0.0,0.0,0.0,0.0,0.0,4.0,1.0,4.0,0.0,13.0,3.25,4.0,3.0,144.0,36.0,95.0,0.0,0.0,0.0,0.0,0.0
36840,104200,3858271,Ashtyn Davis,California,166.0,41.5,55.0,25.0,102.0,25.5,36.0,14.0,64.0,16.0,23.0,11.0,9.0,2.25,5.0,0.0,0.0,0.0,0.0,0.0,3.0,0.75,2.0,0.0,7.0,1.75,4.0,0.0,121.0,30.25,59.0,0.0,1.0,0.25,1.0,0.0
36921,21496,4039059,Brandon Jones,Texas,232.0,58.0,86.0,15.0,174.0,43.5,64.0,11.0,58.0,14.5,22.0,4.0,7.0,1.75,4.0,0.0,1.0,0.25,1.0,0.0,2.0,0.5,1.0,0.0,4.0,1.0,2.0,0.0,33.0,8.25,26.0,0.0,0.0,0.0,0.0,0.0
37560,104407,4035661,Julian Blackmon,Utah,158.0,39.5,60.0,2.0,118.0,29.5,41.0,1.0,40.0,10.0,19.0,1.0,20.0,5.0,10.0,0.0,1.5,0.375,1.5,0.0,2.0,0.5,2.0,0.0,9.0,2.25,4.0,0.0,107.0,26.75,41.0,0.0,2.0,0.5,1.0,0.0
37807,104446,4035385,Cameron Dantzler,Mississippi State,107.0,35.666666666666664,42.0,25.0,77.0,25.666666666666668,31.0,15.0,30.0,10.0,11.0,9.0,17.0,5.666666666666667,8.0,3.0,1.5,0.5,1.0,0.0,1.0,0.3333333333333333,1.0,0.0,5.0,1.6666666666666667,2.0,1.0,23.0,7.666666666666667,15.0,0.0,0.0,0.0,0.0,0.0
38373,104510,3728263,Tanner Muse,Clemson,192.0,48.0,61.0,19.0,105.0,26.25,37.0,9.0,87.0,21.75,30.0,10.0,14.0,3.5,5.0,1.0,4.0,1.0,2.0,0.0,1.0,0.25,1.0,0.0,7.0,1.75,4.0,0.0,102.0,25.5,64.0,0.0,1.0,0.25,1.0,0.0
38537,104406,4035663,Terrell Burgess,Utah,116.0,29.0,81.0,1.0,72.0,18.0,50.0,1.0,44.0,11.0,31.0,0.0,9.0,2.25,5.0,0.0,0.5,0.125,0.5,0.0,0.0,0.0,0.0,0.0,1.0,0.25,1.0,0.0,29.0,7.25,29.0,0.0,0.0,0.0,0.0,0.0
38701,104208,4242973,Darnay Holmes,UCLA,121.0,40.333333333333336,49.0,33.0,89.0,29.666666666666668,37.0,23.0,32.0,10.666666666666666,12.0,10.0,17.0,5.666666666666667,8.0,3.0,0.0,0.0,0.0,0.0,2.0,0.6666666666666666,2.0,0.0,8.0,2.6666666666666665,3.0,2.0,61.0,20.333333333333332,31.0,0.0,2.0,0.6666666666666666,1.0,0.0
38884,104171,4046679,Troy Pride Jr.,Notre Dame,114.0,28.5,47.0,5.0,83.0,20.75,37.0,5.0,31.0,7.75,13.0,0.0,18.0,4.5,10.0,0.0,0.0,0.0,0.0,0.0,1.0,0.25,1.0,0.0,4.0,1.0,2.0,0.0,15.0,3.75,19.0,-5.0,0.0,0.0,0.0,0.0
39370,104676,3917006,Reggie Robinson II,Tulsa,132.0,33.0,38.0,19.0,101.0,25.25,32.0,13.0,31.0,7.75,12.0,6.0,34.0,8.5,13.0,5.0,0.0,0.0,0.0,0.0,1.0,0.25,1.0,0.0,4.0,1.0,4.0,0.0,37.0,9.25,37.0,0.0,0.0,0.0,0.0,0.0
39549,104374,4035463,K'Von Wallace,Clemson,156.0,39.0,72.0,6.0,108.0,27.0,47.0,3.0,48.0,12.0,25.0,3.0,16.0,4.0,10.0,0.0,2.0,0.5,2.0,0.0,2.0,0.5,2.0,0.0,5.0,1.25,2.0,1.0,180.0,45.0,66.0,13.0,1.0,0.25,1.0,0.0
39859,104677,3858276,Jaylinn Hawkins,California,156.0,39.0,53.0,30.0,105.0,26.25,41.0,16.0,51.0,12.75,17.0,8.0,7.0,1.75,4.0,0.0,2.0,0.5,2.0,0.0,3.0,0.75,2.0,0.0,10.0,2.5,6.0,0.0,90.0,22.5,39.0,0.0,0.0,0.0,0.0,0.0
40014,104444,4241977,Josiah Scott,Michigan State,98.0,32.666666666666664,55.0,13.0,66.0,22.0,38.0,7.0,32.0,10.666666666666666,17.0,6.0,24.0,8.0,10.0,7.0,0.0,0.0,0.0,0.0,2.0,0.6666666666666666,1.0,0.0,7.0,2.3333333333333335,3.0,2.0,46.0,15.333333333333334,34.0,0.0,0.0,0.0,0.0,0.0
40041,104656,4040432,L'Jarius Sneed,Louisiana Tech,171.0,42.75,73.0,17.0,120.0,30.0,44.0,12.0,51.0,12.75,30.0,1.0,17.0,4.25,8.0,0.0,2.5,0.625,1.5,0.0,0.0,0.0,0.0,0.0,8.0,2.0,3.0,1.0,154.0,38.5,68.0,-5.0,3.0,0.75,1.0,0.0
40104,104451,4239694,Amik Robertson,Louisiana Tech,179.0,59.666666666666664,61.0,58.0,136.0,45.333333333333336,48.0,44.0,43.0,14.333333333333334,17.0,10.0,34.0,11.333333333333334,16.0,6.0,4.0,1.3333333333333333,2.0,1.0,2.0,0.6666666666666666,1.0,0.0,14.0,4.666666666666667,5.0,4.0,265.0,88.33333333333333,141.0,27.0,3.0,1.0,2.0,0.0
40203,104541,3929653,John Reid,Penn State,125.0,31.25,37.0,24.0,83.0,20.75,26.0,17.0,42.0,10.5,13.0,7.0,23.0,5.75,8.0,0.0,1.5,0.375,1.0,0.0,1.0,0.25,1.0,0.0,7.0,1.75,2.0,1.0,163.0,40.75,61.0,14.0,1.0,0.25,1.0,0.0
40715,104651,4241889,Kenny Robinson,West Virginia,123.0,61.5,77.0,46.0,84.0,42.0,52.0,32.0,39.0,19.5,25.0,14.0,7.0,3.5,4.0,3.0,0.0,0.0,0.0,0.0,0.0,0.0,0.0,0.0,7.0,3.5,4.0,3.0,228.0,114.0,170.0,58.0,2.0,1.0,2.0,0.0
40859,104679,4035505,Daniel Thomas,Auburn,191.0,47.75,74.0,16.0,122.0,30.5,47.0,10.0,69.0,17.25,27.0,6.0,7.0,1.75,3.0,1.0,0.0,0.0,0.0,0.0,3.0,0.75,2.0,0.0,5.0,1.25,2.0,0.0,58.0,14.5,29.0,0.0,1.0,0.25,1.0,0.0
40904,104121,4037584,Bryce Hall,Virginia,154.0,38.5,62.0,20.0,98.0,24.5,39.0,13.0,56.0,14.0,23.0,7.0,34.0,8.5,21.0,0.0,4.0,1.0,2.0,0.0,3.0,0.75,2.0,0.0,5.0,1.25,2.0,0.0,51.0,12.75,36.0,-4.0,0.0,0.0,0.0,0.0
41092,104225,4036651,Kindle Vildor,Georgia Southern,94.0,23.5,42.0,5.0,72.0,18.0,31.0,3.0,22.0,5.5,11.0,2.0,25.0,6.25,12.0,0.0,1.0,0.25,1.0,0.0,1.0,0.25,1.0,0.0,9.0,2.25,4.0,0.0,36.0,9.0,36.0,0.0,0.0,0.0,0.0,0.0
42852,104170,4036213,Antoine Brooks Jr.,Maryland,235.0,58.75,85.0,5.0,171.0,42.75,67.0,4.0,64.0,16.0,24.0,1.0,9.0,2.25,5.0,0.0,3.5,0.875,2.5,0.0,1.0,0.25,1.0,0.0,2.0,0.5,1.0,0.0,0.0,0.0,0.0,0.0,0.0,0.0,0.0,0.0
42888,104178,4040613,Jordan Fuller,Ohio State,224.0,56.0,81.0,11.0,167.0,41.75,61.0,7.0,57.0,14.25,20.0,4.0,10.0,2.5,4.0,0.0,0.0,0.0,0.0,0.0,0.0,0.0,0.0,0.0,6.0,1.5,3.0,0.0,81.0,20.25,51.0,0.0,0.0,0.0,0.0,0.0
43280,104146,4046537,Josh Metellus,Michigan,188.0,47.0,74.0,15.0,108.0,27.0,41.0,8.0,80.0,20.0,33.0,7.0,13.0,3.25,5.0,0.0,1.0,0.25,1.0,0.0,0.0,0.0,0.0,0.0,5.0,1.25,3.0,0.0,104.0,26.0,104.0,0.0,1.0,0.25,1.0,0.0
43857,104694,4242154,Kamren Curl,Arkansas,175.0,58.333333333333336,76.0,46.0,105.0,35.0,46.0,27.0,70.0,23.333333333333332,30.0,14.0,15.0,5.0,8.0,2.0,2.0,0.6666666666666666,2.0,0.0,3.0,1.0,2.0,0.0,2.0,0.6666666666666666,2.0,0.0,22.0,7.333333333333333,22.0,0.0,0.0,0.0,0.0,0.0
44071,104483,4240575,Geno Stone,Iowa,126.0,42.0,70.0,17.0,80.0,26.666666666666668,46.0,5.0,46.0,15.333333333333334,24.0,10.0,7.0,2.3333333333333335,4.0,0.0,1.0,0.3333333333333333,1.0,0.0,4.0,1.3333333333333333,3.0,0.0,6.0,2.0,4.0,1.0,43.0,14.333333333333334,24.0,0.0,1.0,0.3333333333333333,1.0,0.0
44232,104695,4046353,Stantley Thomas-Oliver III,Florida International,94.0,47.0,54.0,40.0,65.0,32.5,42.0,23.0,29.0,14.5,17.0,12.0,18.0,9.0,10.0,8.0,2.0,1.0,2.0,0.0,2.0,1.0,2.0,0.0,2.0,1.0,1.0,1.0,23.0,11.5,23.0,0.0,0.0,0.0,0.0,0.0
44344,104696,4371737,Chris Claybrooks,Memphis,54.0,27.0,42.0,12.0,43.0,21.5,33.0,10.0,11.0,5.5,9.0,2.0,3.0,1.5,2.0,1.0,0.5,0.25,0.5,0.0,1.0,0.5,1.0,0.0,2.0,1.0,1.0,1.0,37.0,18.5,37.0,0.0,1.0,0.5,1.0,0.0
44809,104704,4038538,Vernon Scott,TCU,86.0,28.666666666666668,44.0,6.0,58.0,19.333333333333332,29.0,4.0,28.0,9.333333333333334,15.0,2.0,10.0,3.3333333333333335,7.0,0.0,1.0,0.3333333333333333,1.0,0.0,2.0,0.6666666666666666,2.0,0.0,2.0,0.6666666666666666,1.0,0.0,98.0,32.666666666666664,98.0,0.0,1.0,0.3333333333333333,1.0,0.0
44845,104705,4040652,Thakarius Keyes,Tulane,95.0,23.75,47.0,2.0,76.0,19.0,35.0,2.0,19.0,4.75,12.0,0.0,14.0,3.5,9.0,0.0,0.0,0.0,0.0,0.0,0.0,0.0,0.0,0.0,2.0,0.5,1.0,0.0,0.0,0.0,0.0,0.0,0.0,0.0,0.0,0.0
44926,104389,3895791,Dane Jackson,Pittsburgh,148.0,37.0,47.0,18.0,113.0,28.25,38.0,9.0,35.0,8.75,13.0,4.0,39.0,9.75,14.0,4.0,1.5,0.375,1.0,0.0,4.0,1.0,4.0,0.0,4.0,1.0,2.0,0.0,67.0,16.75,26.0,0.0,1.0,0.25,1.0,0.0
45185,104708,4043605,Chris Jackson,Marshall,189.0,47.25,62.0,25.0,110.0,27.5,40.0,17.0,79.0,19.75,31.0,8.0,36.0,9.0,15.0,0.0,2.0,0.5,1.5,0.0,0.0,0.0,0.0,0.0,7.0,1.75,3.0,1.0,200.0,50.0,108.0,21.0,1.0,0.25,1.0,0.0
45693,104138,4046538,Lavert Hill,Michigan,57.0,14.25,25.0,2.0,37.0,9.25,15.0,2.0,20.0,5.0,10.0,0.0,21.0,5.25,10.0,1.0,0.0,0.0,0.0,0.0,0.0,0.0,0.0,0.0,6.0,1.5,3.0,0.0,70.0,17.5,25.0,0.0,2.0,0.5,1.0,0.0
45913,104502,3916926,Javaris Davis,Auburn,146.0,36.5,43.0,29.0,112.0,28.0,33.0,19.0,34.0,8.5,14.0,4.0,25.0,6.25,7.0,6.0,2.0,0.5,1.0,0.0,0.0,0.0,0.0,0.0,8.0,2.0,2.0,2.0,133.0,33.25,72.0,0.0,1.0,0.25,1.0,0.0
46270,104485,4037216,Essang Bassey,Wake Forest,228.0,57.0,75.0,19.0,162.0,40.5,53.0,16.0,66.0,16.5,23.0,3.0,45.0,11.25,16.0,3.0,1.0,0.25,1.0,0.0,1.0,0.25,1.0,0.0,5.0,1.25,3.0,0.0,31.0,7.75,30.0,0.0,1.0,0.25,1.0,0.0
46324,104205,4038437,A.J. Green,Oklahoma State,147.0,36.75,49.0,2.0,118.0,29.5,39.0,1.0,29.0,7.25,10.0,1.0,21.0,5.25,11.0,0.0,0.0,0.0,0.0,0.0,2.0,0.5,1.0,0.0,6.0,1.5,4.0,0.0,92.0,23.0,65.0,0.0,1.0,0.25,1.0,0.0
47312,104512,4034849,Lamar Jackson,Nebraska,117.0,29.25,40.0,11.0,87.0,21.75,30.0,9.0,30.0,7.5,11.0,2.0,22.0,5.5,12.0,0.0,1.0,0.25,1.0,0.0,3.0,0.75,2.0,0.0,5.0,1.25,3.0,0.0,12.0,3.0,12.0,0.0,0.0,0.0,0.0,0.0
47913,104440,4240024,Stanford Samuels III,Florida State,145.0,48.333333333333336,60.0,27.0,94.0,31.333333333333332,37.0,20.0,51.0,17.0,23.0,7.0,16.0,5.333333333333333,7.0,4.0,1.0,0.3333333333333333,1.0,0.0,1.0,0.3333333333333333,1.0,0.0,8.0,2.6666666666666665,4.0,2.0,30.0,10.0,23.0,0.0,0.0,0.0,0.0,0.0
48487,104460,4240624,Trajan Bandy,Miami,89.0,29.666666666666668,36.0,25.0,59.0,19.666666666666668,25.0,14.0,30.0,10.0,11.0,8.0,22.0,7.333333333333333,8.0,6.0,3.0,1.0,3.0,0.0,1.0,0.3333333333333333,1.0,0.0,4.0,1.3333333333333333,3.0,0.0,78.0,26.0,65.0,0.0,1.0,0.3333333333333333,1.0,0.0
48658,104157,4040963,Shyheim Carter,Alabama,101.0,25.25,44.0,7.0,57.0,14.25,27.0,2.0,44.0,11.0,19.0,3.0,18.0,4.5,10.0,0.0,0.0,0.0,0.0,0.0,2.0,0.5,1.0,0.0,3.0,0.75,2.0,0.0,89.0,22.25,89.0,0.0,2.0,0.5,2.0,0.0
48778,104532,4240912,Debione Renfro,Texas A&M,123.0,41.0,53.0,33.0,93.0,31.0,40.0,21.0,30.0,10.0,13.0,5.0,14.0,4.666666666666667,5.0,4.0,1.5,0.5,1.0,0.0,3.0,1.0,3.0,0.0,0.0,0.0,0.0,0.0,0.0,0.0,0.0,0.0,0.0,0.0,0.0,0.0
49389,104033,4039010,Myles Bryant,Washington,190.0,47.5,68.0,4.0,122.0,30.5,43.0,3.0,68.0,17.0,25.0,1.0,16.0,4.0,8.0,1.0,4.5,1.125,3.5,0.0,3.0,0.75,1.0,0.0,4.0,1.0,3.0,0.0,67.0,16.75,35.0,0.0,1.0,0.25,1.0,0.0
49443,104169,4046680,Jalen Elliott,Notre Dame,167.0,41.75,67.0,13.0,93.0,23.25,36.0,7.0,74.0,18.5,31.0,6.0,11.0,2.75,7.0,0.0,0.5,0.125,0.5,0.0,1.0,0.25,1.0,0.0,6.0,1.5,4.0,0.0,68.0,17.0,66.0,0.0,0.0,0.0,0.0,0.0
49515,104627,4035402,Chris Miller,Baylor,177.0,44.25,76.0,6.0,123.0,30.75,54.0,4.0,54.0,13.5,22.0,2.0,6.0,1.5,2.0,0.0,1.0,0.25,1.0,0.0,3.0,0.75,2.0,0.0,0.0,0.0,0.0,0.0,0.0,0.0,0.0,0.0,0.0,0.0,0.0,0.0
49690,104540,4035389,Grayland Arnold,Baylor,107.0,26.75,46.0,6.0,82.0,20.5,33.0,6.0,25.0,6.25,13.0,0.0,13.0,3.25,7.0,0.0,1.0,0.25,1.0,0.0,1.0,0.25,1.0,0.0,7.0,1.75,6.0,0.0,138.0,34.5,118.0,0.0,0.0,0.0,0.0,0.0
49753,104241,4035173,Nigel Warrior,Tennessee,239.0,59.75,83.0,22.0,141.0,35.25,42.0,19.0,98.0,24.5,41.0,3.0,13.0,3.25,9.0,0.0,1.0,0.25,1.0,0.0,3.0,0.75,3.0,0.0,5.0,1.25,4.0,0.0,172.0,43.0,102.0,0.0,1.0,0.25,1.0,0.0
50004,104624,4243250,Javelin Guidry,Utah,120.0,40.0,48.0,31.0,82.0,27.333333333333332,36.0,21.0,38.0,12.666666666666666,16.0,10.0,19.0,6.333333333333333,9.0,4.0,0.5,0.16666666666666666,0.5,0.0,1.0,0.3333333333333333,1.0,0.0,3.0,1.0,1.0,1.0,14.0,4.666666666666667,14.0,0.0,1.0,0.3333333333333333,1.0,0.0
50274,104398,4040975,Jared Mayden,Alabama,82.0,20.5,59.0,1.0,44.0,11.0,31.0,1.0,38.0,9.5,28.0,0.0,6.0,1.5,3.0,0.0,1.0,0.25,1.0,0.0,0.0,0.0,0.0,0.0,4.0,1.0,4.0,0.0,54.0,13.5,54.0,0.0,0.0,0.0,0.0,0.0
50654,104149,3929819,David Dowell,Michigan State,167.0,41.75,59.0,3.0,100.0,25.0,39.0,1.0,67.0,16.75,30.0,2.0,8.0,2.0,4.0,0.0,0.0,0.0,0.0,0.0,1.0,0.25,1.0,0.0,8.0,2.0,5.0,0.0,108.0,27.0,78.0,0.0,0.0,0.0,0.0,0.0
50847,104661,3929034,Nevelle Clarke,UCF,107.0,26.75,46.0,14.0,92.0,23.0,38.0,11.0,15.0,3.75,8.0,0.0,29.0,7.25,13.0,2.0,1.0,0.25,1.0,0.0,0.0,0.0,0.0,0.0,5.0,1.25,2.0,0.0,48.0,12.0,48.0,0.0,1.0,0.25,1.0,0.0
51545,104736,4372012,Patrick Surtain II,Alabama,111.0,37.0,42.0,32.0,78.0,26.0,32.0,18.0,33.0,11.0,14.0,9.0,25.0,8.333333333333334,10.0,7.0,0.0,0.0,0.0,0.0,4.0,1.3333333333333333,3.0,0.0,4.0,1.3333333333333333,2.0,1.0,69.0,23.0,25.0,20.0,1.0,0.3333333333333333,1.0,0.0
51658,104938,4362847,Jaycee Horn,South Carolina,101.0,33.666666666666664,45.0,16.0,69.0,23.0,30.0,10.0,32.0,10.666666666666666,15.0,6.0,23.0,7.666666666666667,9.0,6.0,3.0,1.0,2.0,0.0,2.0,0.6666666666666666,2.0,0.0,2.0,0.6666666666666666,2.0,0.0,34.0,11.333333333333334,34.0,0.0,0.0,0.0,0.0,0.0
51685,104751,4240859,Caleb Farley,Virginia Tech,56.0,28.0,36.0,20.0,43.0,21.5,29.0,14.0,13.0,6.5,7.0,6.0,19.0,9.5,12.0,7.0,1.0,0.5,1.0,0.0,0.0,0.0,0.0,0.0,6.0,3.0,4.0,2.0,14.0,7.0,14.0,0.0,1.0,0.5,1.0,0.0
51735,104755,4362487,Trevon Moehrig,TCU,124.0,41.333333333333336,62.0,15.0,85.0,28.333333333333332,43.0,12.0,39.0,13.0,19.0,3.0,21.0,7.0,11.0,1.0,0.0,0.0,0.0,0.0,2.0,0.6666666666666666,2.0,0.0,7.0,2.3333333333333335,4.0,1.0,90.0,30.0,70.0,0.0,0.0,0.0,0.0,0.0
52320,105268,4361266,Greg Newsome II,Northwestern,71.0,23.666666666666668,36.0,12.0,55.0,18.333333333333332,28.0,8.0,16.0,5.333333333333333,8.0,4.0,24.0,8.0,11.0,4.0,0.0,0.0,0.0,0.0,0.0,0.0,0.0,0.0,1.0,0.3333333333333333,1.0,0.0,0.0,0.0,0.0,0.0,0.0,0.0,0.0,0.0
52731,105143,4363034,Asante Samuel Jr.,Florida State,93.0,31.0,48.0,15.0,69.0,23.0,34.0,13.0,24.0,8.0,14.0,2.0,29.0,9.666666666666666,14.0,6.0,0.0,0.0,0.0,0.0,1.0,0.3333333333333333,1.0,0.0,4.0,1.3333333333333333,3.0,0.0,74.0,24.666666666666668,74.0,0.0,0.0,0.0,0.0,0.0
53120,104784,4243328,Elijah Molden,Washington,153.0,38.25,79.0,19.0,100.0,25.0,49.0,10.0,53.0,13.25,30.0,5.0,19.0,4.75,12.0,1.0,0.0,0.0,0.0,0.0,4.0,1.0,3.0,0.0,5.0,1.25,4.0,0.0,69.0,17.25,45.0,0.0,0.0,0.0,0.0,0.0
53272,105187,4042119,Richie Grant,UCF,290.0,72.5,108.0,32.0,189.0,47.25,68.0,24.0,101.0,25.25,40.0,8.0,18.0,4.5,8.0,2.0,1.0,0.25,1.0,0.0,6.0,1.5,2.0,1.0,10.0,2.5,6.0,0.0,104.0,26.0,40.0,0.0,1.0,0.25,1.0,0.0
53494,104753,4373809,Jevon Holland,Oregon,108.0,54.0,66.0,42.0,71.0,35.5,40.0,31.0,37.0,18.5,26.0,11.0,10.0,5.0,6.0,4.0,0.0,0.0,0.0,0.0,0.0,0.0,0.0,0.0,9.0,4.5,5.0,4.0,72.0,36.0,64.0,8.0,1.0,0.5,1.0,0.0
53611,104824,4361939,Andre Cisco,Syracuse,136.0,45.333333333333336,65.0,11.0,94.0,31.333333333333332,46.0,7.0,42.0,14.0,24.0,4.0,14.0,4.666666666666667,9.0,0.0,0.0,0.0,0.0,0.0,2.0,0.6666666666666666,1.0,0.0,13.0,4.333333333333333,7.0,1.0,143.0,47.666666666666664,67.0,29.0,1.0,0.3333333333333333,1.0,0.0
53647,104842,4379397,Tyson Campbell,Georgia,86.0,28.666666666666668,45.0,15.0,55.0,18.333333333333332,29.0,9.0,31.0,10.333333333333334,16.0,6.0,9.0,3.0,4.0,1.0,0.0,0.0,0.0,0.0,1.0,0.3333333333333333,1.0,0.0,1.0,0.3333333333333333,1.0,0.0,40.0,13.333333333333334,40.0,0.0,0.0,0.0,0.0,0.0
53710,105166,4240401,Ifeatu Melifonwu,Syracuse,89.0,29.666666666666668,55.0,14.0,72.0,24.0,42.0,14.0,17.0,5.666666666666667,13.0,0.0,21.0,7.0,8.0,6.0,1.0,0.3333333333333333,1.0,0.0,0.0,0.0,0.0,0.0,3.0,1.0,2.0,0.0,0.0,0.0,0.0,0.0,0.0,0.0,0.0,0.0
53791,105145,4259561,Eric Stokes,Georgia,78.0,26.0,38.0,20.0,60.0,20.0,30.0,14.0,18.0,6.0,8.0,4.0,22.0,7.333333333333333,9.0,4.0,1.0,0.3333333333333333,1.0,0.0,1.0,0.3333333333333333,1.0,0.0,4.0,1.3333333333333333,4.0,0.0,94.0,31.333333333333332,94.0,0.0,2.0,0.6666666666666666,2.0,0.0
54219,105213,4258206,Benjamin St-Juste,Minnesota,62.0,20.666666666666668,45.0,3.0,50.0,16.666666666666668,36.0,3.0,12.0,4.0,9.0,0.0,13.0,4.333333333333333,10.0,0.0,0.0,0.0,0.0,0.0,0.0,0.0,0.0,0.0,0.0,0.0,0.0,0.0,0.0,0.0,0.0,0.0,0.0,0.0,0.0,0.0
54520,105420,4568981,Tay Gowan,UCF,31.0,31.0,31.0,31.0,22.0,22.0,22.0,22.0,9.0,9.0,9.0,9.0,8.0,8.0,8.0,8.0,0.0,0.0,0.0,0.0,0.0,0.0,0.0,0.0,2.0,2.0,2.0,2.0,18.0,18.0,18.0,18.0,0.0,0.0,0.0,0.0
54982,105271,4241950,Shakur Brown,Michigan State,54.0,18.0,25.0,6.0,38.0,12.666666666666666,19.0,4.0,16.0,5.333333333333333,8.0,2.0,9.0,3.0,5.0,0.0,2.0,0.6666666666666666,2.0,0.0,0.0,0.0,0.0,0.0,7.0,2.3333333333333335,5.0,1.0,186.0,62.0,107.0,10.0,1.0,0.3333333333333333,1.0,0.0
55156,104762,4242547,Paulson Adebo,Stanford,97.0,48.5,64.0,33.0,69.0,34.5,46.0,23.0,28.0,14.0,18.0,10.0,27.0,13.5,17.0,10.0,0.0,0.0,0.0,0.0,1.0,0.5,1.0,0.0,8.0,4.0,4.0,4.0,49.0,24.5,45.0,4.0,0.0,0.0,0.0,0.0
55174,104803,4240686,Richard LeCounte,Georgia,176.0,44.0,74.0,15.0,106.0,26.5,45.0,10.0,70.0,17.5,29.0,5.0,10.0,2.5,4.0,0.0,0.0,0.0,0.0,0.0,4.0,1.0,2.0,0.0,8.0,2.0,4.0,0.0,143.0,35.75,76.0,0.0,0.0,0.0,0.0,0.0
55357,104746,4241995,Shaun Wade,Ohio State,76.0,25.333333333333332,31.0,20.0,57.0,19.0,27.0,14.0,19.0,6.333333333333333,9.0,4.0,18.0,6.0,8.0,3.0,2.0,0.6666666666666666,2.0,0.0,2.0,0.6666666666666666,1.0,0.0,6.0,2.0,3.0,1.0,48.0,16.0,36.0,0.0,1.0,0.3333333333333333,1.0,0.0
55384,104835,4240030,Hamsah Nasirildeen,Florida State,234.0,58.5,101.0,13.0,140.0,35.0,61.0,5.0,94.0,23.5,40.0,6.0,9.0,2.25,3.0,1.0,1.0,0.25,1.0,0.0,3.0,0.75,3.0,0.0,4.0,1.0,2.0,0.0,106.0,26.5,80.0,0.0,1.0,0.25,1.0,0.0
55664,104772,4240595,Marco Wilson,Florida,103.0,25.75,36.0,0.0,68.0,17.0,24.0,0.0,35.0,8.75,13.0,0.0,17.0,4.25,10.0,1.0,0.0,0.0,0.0,0.0,0.0,0.0,0.0,0.0,3.0,0.75,3.0,0.0,0.0,0.0,0.0,0.0,0.0,0.0,0.0,0.0
56064,104782,4567961,DJ Daniel,Georgia,51.0,25.5,42.0,9.0,44.0,22.0,36.0,8.0,7.0,3.5,6.0,1.0,9.0,4.5,8.0,1.0,0.0,0.0,0.0,0.0,0.0,0.0,0.0,0.0,0.0,0.0,0.0,0.0,0.0,0.0,0.0,0.0,0.0,0.0,0.0,0.0
56082,104875,4036060,Damar Hamlin,Pittsburgh,290.0,58.0,90.0,8.0,194.0,38.8,61.0,4.0,96.0,19.2,29.0,4.0,21.0,4.2,10.0,0.0,0.0,0.0,0.0,0.0,0.0,0.0,0.0,0.0,6.0,1.2,2.0,0.0,102.0,20.4,79.0,0.0,0.0,0.0,0.0,0.0
56330,105273,4361942,Trill Williams,Syracuse,93.0,31.0,38.0,24.0,65.0,21.666666666666668,25.0,15.0,28.0,9.333333333333334,13.0,6.0,6.0,2.0,4.0,0.0,0.0,0.0,0.0,0.0,3.0,1.0,3.0,0.0,4.0,1.3333333333333333,2.0,1.0,134.0,44.666666666666664,90.0,3.0,1.0,0.3333333333333333,1.0,0.0
56485,104811,4035861,Camryn Bynum,California,183.0,45.75,59.0,19.0,120.0,30.0,38.0,14.0,63.0,15.75,21.0,5.0,28.0,7.0,9.0,2.0,0.5,0.125,0.5,0.0,0.0,0.0,0.0,0.0,6.0,1.5,2.0,1.0,20.0,5.0,20.0,0.0,0.0,0.0,0.0,0.0
56986,104807,4362077,Caden Sterns,Texas,173.0,57.666666666666664,62.0,52.0,120.0,40.0,46.0,30.0,53.0,17.666666666666668,22.0,15.0,8.0,2.6666666666666665,4.0,1.0,2.0,0.6666666666666666,1.0,0.0,0.0,0.0,0.0,0.0,5.0,1.6666666666666667,4.0,0.0,33.0,11.0,33.0,0.0,0.0,0.0,0.0,0.0
57386,105282,4362492,Ar'Darius Washington,TCU,86.0,28.666666666666668,46.0,3.0,62.0,20.666666666666668,35.0,2.0,24.0,8.0,12.0,1.0,6.0,2.0,4.0,0.0,0.0,0.0,0.0,0.0,0.0,0.0,0.0,0.0,5.0,1.6666666666666667,5.0,0.0,22.0,7.333333333333333,22.0,0.0,0.0,0.0,0.0,0.0
57652,104930,4576072,Bryan Mills,North Carolina Central,0.0,0.0,0.0,0.0,0.0,0.0,0.0,0.0,0.0,0.0,0.0,0.0,0.0,0.0,0.0,0.0,0.0,0.0,0.0,0.0,0.0,0.0,0.0,0.0,5.0,5.0,5.0,5.0,61.0,61.0,61.0,61.0,0.0,0.0,0.0,0.0
57740,104863,4242211,Kary Vincent Jr.,LSU,88.0,29.333333333333332,48.0,9.0,60.0,20.0,36.0,4.0,28.0,9.333333333333334,12.0,5.0,16.0,5.333333333333333,9.0,1.0,1.0,0.3333333333333333,1.0,0.0,0.0,0.0,0.0,0.0,6.0,2.0,4.0,1.0,45.0,15.0,45.0,0.0,0.0,0.0,0.0,0.0
57803,105306,4241195,Tyree Gillespie,Missouri,146.0,36.5,50.0,2.0,100.0,25.0,37.0,0.0,46.0,11.5,17.0,2.0,12.0,3.0,7.0,0.0,2.0,0.5,1.0,0.0,1.0,0.25,1.0,0.0,0.0,0.0,0.0,0.0,0.0,0.0,0.0,0.0,0.0,0.0,0.0,0.0
58099,104817,4258209,Ambry Thomas,Michigan,54.0,18.0,38.0,7.0,43.0,14.333333333333334,30.0,6.0,11.0,3.6666666666666665,8.0,1.0,3.0,1.0,3.0,0.0,0.0,0.0,0.0,0.0,1.0,0.3333333333333333,1.0,0.0,4.0,1.3333333333333333,3.0,0.0,6.0,2.0,6.0,0.0,0.0,0.0,0.0,0.0
58348,104758,4362855,Israel Mukuamu,South Carolina,86.0,28.666666666666668,59.0,10.0,64.0,21.333333333333332,45.0,6.0,22.0,7.333333333333333,14.0,4.0,10.0,3.3333333333333335,9.0,0.0,0.0,0.0,0.0,0.0,1.0,0.3333333333333333,1.0,0.0,7.0,2.3333333333333335,4.0,1.0,135.0,45.0,56.0,26.0,1.0,0.3333333333333333,1.0,0.0
58456,105328,4241199,Joshuah Bledsoe,Missouri,130.0,32.5,49.0,13.0,87.0,21.75,35.0,9.0,43.0,10.75,17.0,4.0,18.0,4.5,10.0,0.0,1.0,0.25,1.0,0.0,2.0,0.5,1.0,0.0,1.0,0.25,1.0,0.0,0.0,0.0,0.0,0.0,0.0,0.0,0.0,0.0
58998,105284,4361331,Jamien Sherwood,Auburn,130.0,43.333333333333336,65.0,22.0,73.0,24.333333333333332,40.0,12.0,57.0,19.0,25.0,10.0,10.0,3.3333333333333335,5.0,2.0,2.5,0.8333333333333334,1.5,0.0,0.0,0.0,0.0,0.0,1.0,0.3333333333333333,1.0,0.0,0.0,0.0,0.0,0.0,0.0,0.0,0.0,0.0
59168,104793,4240602,Shawn Davis,Florida,126.0,31.5,51.0,11.0,77.0,19.25,33.0,3.0,49.0,12.25,18.0,6.0,10.0,2.5,5.0,1.0,0.0,0.0,0.0,0.0,1.0,0.25,1.0,0.0,5.0,1.25,3.0,0.0,156.0,39.0,111.0,0.0,0.0,0.0,0.0,0.0
59269,104869,4240705,Paris Ford,Pittsburgh,143.0,47.666666666666664,97.0,5.0,93.0,31.0,60.0,3.0,50.0,16.666666666666668,37.0,2.0,14.0,4.666666666666667,11.0,0.0,0.0,0.0,0.0,0.0,3.0,1.0,3.0,0.0,6.0,2.0,3.0,0.0,103.0,34.333333333333336,69.0,0.0,1.0,0.3333333333333333,1.0,0.0
59401,104860,4567979,Brandin Echols,Kentucky,101.0,50.5,54.0,47.0,81.0,40.5,43.0,38.0,20.0,10.0,11.0,9.0,11.0,5.5,9.0,2.0,1.0,0.5,1.0,0.0,2.0,1.0,2.0,0.0,0.0,0.0,0.0,0.0,0.0,0.0,0.0,0.0,0.0,0.0,0.0,0.0
59455,104845,4037626,Divine Deablo,Virginia Tech,205.0,41.0,84.0,4.0,117.0,23.4,42.0,2.0,88.0,17.6,42.0,2.0,11.0,2.2,4.0,0.0,0.5,0.1,0.5,0.0,3.0,0.6,1.0,0.0,6.0,1.2,4.0,0.0,5.0,1.0,5.0,0.0,0.0,0.0,0.0,0.0
59737,104802,4242204,JaCoby Stevens,LSU,190.0,63.333333333333336,92.0,35.0,102.0,34.0,53.0,19.0,88.0,29.333333333333332,39.0,16.0,15.0,5.0,6.0,4.0,9.5,3.1666666666666665,5.0,1.5,1.0,0.3333333333333333,1.0,0.0,4.0,1.3333333333333333,3.0,0.0,10.0,3.3333333333333335,9.0,0.0,0.0,0.0,0.0,0.0
59821,104843,4259570,Mark Webb,Georgia,82.0,20.5,46.0,1.0,49.0,12.25,31.0,0.0,33.0,8.25,15.0,1.0,8.0,2.0,3.0,0.0,0.0,0.0,0.0,0.0,2.0,0.5,2.0,0.0,1.0,0.25,1.0,0.0,13.0,3.25,13.0,0.0,0.0,0.0,0.0,0.0
60096,105296,4360853,Talanoa Hufanga,USC,203.0,67.66666666666667,90.0,51.0,129.0,43.0,58.0,31.0,74.0,24.666666666666668,32.0,20.0,8.0,2.6666666666666665,4.0,1.0,6.5,2.1666666666666665,3.5,0.0,4.0,1.3333333333333333,2.0,0.0,4.0,1.3333333333333333,4.0,0.0,90.0,30.0,90.0,0.0,0.0,0.0,0.0,0.0
60246,104873,4044079,Tyler Coyle,Purdue,274.0,68.5,108.0,13.0,172.0,43.0,64.0,10.0,102.0,25.5,44.0,3.0,16.0,4.0,10.0,0.0,0.0,0.0,0.0,0.0,2.0,0.5,2.0,0.0,3.0,0.75,2.0,0.0,86.0,21.5,52.0,0.0,2.0,0.5,1.0,0.0
60752,105300,4044064,James Wiggins,Cincinnati,87.0,29.0,54.0,1.0,62.0,20.666666666666668,36.0,1.0,25.0,8.333333333333334,18.0,0.0,11.0,3.6666666666666665,6.0,0.0,1.0,0.3333333333333333,1.0,0.0,2.0,0.6666666666666666,1.0,0.0,5.0,1.6666666666666667,4.0,0.0,83.0,27.666666666666668,83.0,0.0,1.0,0.3333333333333333,1.0,0.0
61158,105301,4369838,Bryce Thompson,Tennessee,102.0,34.0,36.0,32.0,73.0,24.333333333333332,27.0,22.0,29.0,9.666666666666666,10.0,9.0,11.0,3.6666666666666665,7.0,2.0,2.0,0.6666666666666666,1.0,0.0,2.0,0.6666666666666666,1.0,0.0,8.0,2.6666666666666665,3.0,2.0,91.0,30.333333333333332,45.0,18.0,1.0,0.3333333333333333,1.0,0.0
61203,104883,4052041,Christian Uphoff,Illinois State,8.0,4.0,6.0,2.0,4.0,2.0,2.0,2.0,4.0,2.0,4.0,0.0,2.0,1.0,1.0,1.0,1.0,0.5,1.0,0.0,1.0,0.5,1.0,0.0,3.0,1.5,2.0,1.0,52.0,26.0,52.0,0.0,0.0,0.0,0.0,0.0
61459,105303,4035824,Brandon Stephens,SMU,92.0,46.0,49.0,43.0,74.0,37.0,38.0,36.0,18.0,9.0,11.0,7.0,22.0,11.0,12.0,10.0,0.0,0.0,0.0,0.0,0.0,0.0,0.0,0.0,1.0,0.5,1.0,0.0,0.0,0.0,0.0,0.0,0.0,0.0,0.0,0.0
61733,105196,4038430,Rodarius Williams,Oklahoma State,169.0,42.25,58.0,18.0,137.0,34.25,48.0,13.0,32.0,8.0,10.0,5.0,31.0,7.75,10.0,6.0,0.0,0.0,0.0,0.0,1.0,0.25,1.0,0.0,2.0,0.5,2.0,0.0,0.0,0.0,0.0,0.0,0.0,0.0,0.0,0.0
62170,105202,4242485,Thomas Graham Jr.,Oregon,183.0,61.0,64.0,57.0,143.0,47.666666666666664,49.0,47.0,40.0,13.333333333333334,17.0,10.0,32.0,10.666666666666666,18.0,4.0,1.0,0.3333333333333333,1.0,0.0,1.0,0.3333333333333333,1.0,0.0,8.0,2.6666666666666665,3.0,2.0,112.0,37.333333333333336,48.0,26.0,1.0,0.3333333333333333,1.0,0.0
62493,105208,4243332,Keith Taylor,Washington,91.0,22.75,59.0,8.0,61.0,15.25,38.0,6.0,30.0,7.5,21.0,2.0,10.0,2.5,5.0,1.0,0.0,0.0,0.0,0.0,0.0,0.0,0.0,0.0,0.0,0.0,0.0,0.0,0.0,0.0,0.0,0.0,0.0,0.0,0.0,0.0
62740,105209,4261606,Darren Hall,San Diego State,135.0,33.75,49.0,3.0,102.0,25.5,34.0,3.0,33.0,8.25,15.0,0.0,25.0,6.25,16.0,0.0,2.5,0.625,1.5,0.0,3.0,0.75,2.0,0.0,6.0,1.5,3.0,0.0,81.0,20.25,72.0,0.0,1.0,0.25,1.0,0.0
62821,105425,4038944,Brady Breeze,Oregon,94.0,31.333333333333332,62.0,9.0,64.0,21.333333333333332,43.0,6.0,30.0,10.0,19.0,3.0,5.0,1.6666666666666667,3.0,0.0,0.0,0.0,0.0,0.0,1.0,0.3333333333333333,1.0,0.0,3.0,1.0,2.0,0.0,32.0,10.666666666666666,32.0,0.0,1.0,0.3333333333333333,1.0,0.0
63097,105313,4570470,Nahshon Wright,Oregon State,64.0,32.0,34.0,30.0,49.0,24.5,26.0,23.0,15.0,7.5,8.0,7.0,6.0,3.0,4.0,2.0,1.0,0.5,1.0,0.0,1.0,0.5,1.0,0.0,5.0,2.5,3.0,2.0,14.0,7.0,14.0,0.0,0.0,0.0,0.0,0.0
63400,105319,4374299,Olaijah Griffin,USC,67.0,22.333333333333332,37.0,8.0,43.0,14.333333333333334,24.0,7.0,24.0,8.0,13.0,1.0,13.0,4.333333333333333,9.0,1.0,0.0,0.0,0.0,0.0,0.0,0.0,0.0,0.0,1.0,0.3333333333333333,1.0,0.0,-1.0,-0.3333333333333333,0.0,-1.0,0.0,0.0,0.0,0.0
63477,105320,4242513,Jordyn Peters,Auburn,91.0,22.75,35.0,11.0,54.0,13.5,20.0,11.0,37.0,9.25,15.0,0.0,6.0,1.5,2.0,1.0,2.0,0.5,1.0,0.0,0.0,0.0,0.0,0.0,1.0,0.25,1.0,0.0,35.0,8.75,35.0,0.0,0.0,0.0,0.0,0.0
63748,105327,4567480,Damarion Williams,Houston,99.0,49.5,73.0,26.0,74.0,37.0,54.0,20.0,25.0,12.5,19.0,6.0,12.0,6.0,7.0,5.0,0.0,0.0,0.0,0.0,1.0,0.5,1.0,0.0,2.0,1.0,2.0,0.0,36.0,18.0,36.0,0.0,1.0,0.5,1.0,0.0
63820,105430,4239088,Darrick Forrest,Cincinnati,191.0,47.75,106.0,5.0,117.0,29.25,63.0,3.0,74.0,18.5,43.0,2.0,6.0,1.5,3.0,0.0,0.0,0.0,0.0,0.0,0.0,0.0,0.0,0.0,6.0,1.5,3.0,0.0,96.0,24.0,51.0,0.0,0.0,0.0,0.0,0.0
64225,105335,4039596,Lorenzo Burns,Arizona,192.0,38.4,81.0,1.0,142.0,28.4,59.0,1.0,50.0,10.0,22.0,0.0,26.0,5.2,11.0,0.0,2.0,0.4,1.0,0.0,0.0,0.0,0.0,0.0,9.0,1.8,5.0,0.0,87.0,17.4,58.0,0.0,0.0,0.0,0.0,0.0
64315,105337,4360442,Aashari Crosswell,Arizona State,93.0,46.5,50.0,43.0,76.0,38.0,41.0,35.0,17.0,8.5,9.0,8.0,19.0,9.5,10.0,9.0,0.0,0.0,0.0,0.0,3.0,1.5,3.0,0.0,6.0,3.0,4.0,2.0,156.0,78.0,127.0,29.0,0.0,0.0,0.0,0.0
64396,105434,4036033,Mark Gilbert,Duke,65.0,16.25,35.0,4.0,44.0,11.0,19.0,4.0,21.0,5.25,16.0,0.0,14.0,3.5,14.0,0.0,0.0,0.0,0.0,0.0,0.0,0.0,0.0,0.0,7.0,1.75,6.0,0.0,7.0,1.75,7.0,0.0,0.0,0.0,0.0,0.0
65031,105438,4045161,Zech McPhearson,Texas Tech,121.0,24.2,53.0,1.0,100.0,20.0,47.0,0.0,21.0,4.2,9.0,1.0,14.0,2.8,6.0,0.0,0.0,0.0,0.0,0.0,0.0,0.0,0.0,0.0,4.0,0.8,4.0,0.0,21.0,4.2,21.0,0.0,0.0,0.0,0.0,0.0
65139,105440,4242488,Deommodore Lenoir,Oregon,147.0,36.75,52.0,24.0,105.0,26.25,38.0,17.0,42.0,10.5,15.0,5.0,21.0,5.25,9.0,0.0,0.0,0.0,0.0,0.0,2.0,0.5,1.0,0.0,6.0,1.5,3.0,1.0,83.0,20.75,45.0,0.0,0.0,0.0,0.0,0.0
65175,105441,4240456,Michael Carter II,Duke,135.0,33.75,53.0,18.0,86.0,21.5,30.0,12.0,49.0,12.25,23.0,5.0,23.0,5.75,8.0,2.0,1.5,0.375,1.0,0.0,1.0,0.25,1.0,0.0,4.0,1.0,2.0,0.0,38.0,9.5,33.0,0.0,0.0,0.0,0.0,0.0
65313,105443,4244740,Antonio Phillips,Ball State,129.0,32.25,43.0,19.0,71.0,17.75,23.0,12.0,58.0,14.5,23.0,7.0,17.0,4.25,5.0,3.0,1.0,0.25,1.0,0.0,1.0,0.25,1.0,0.0,7.0,1.75,4.0,0.0,-1.0,-0.25,0.0,-1.0,0.0,0.0,0.0,0.0
65768,105455,4046652,Chris Wilcox,BYU,87.0,17.4,32.0,1.0,67.0,13.4,23.0,1.0,20.0,4.0,9.0,0.0,8.0,1.6,5.0,0.0,0.0,0.0,0.0,0.0,0.0,0.0,0.0,0.0,0.0,0.0,0.0,0.0,0.0,0.0,0.0,0.0,0.0,0.0,0.0,0.0
66636,105468,4240599,Donovan Stiner,Florida,142.0,35.5,54.0,9.0,72.0,18.0,28.0,6.0,70.0,17.5,27.0,3.0,3.0,0.75,1.0,0.0,1.0,0.25,1.0,0.0,0.0,0.0,0.0,0.0,6.0,1.5,4.0,0.0,33.0,8.25,33.0,0.0,0.0,0.0,0.0,0.0
